Starting modlist installation with custom progress handling...
Found SteamGame { AppManifest = { AppId = 1070560, Name = Steam Linux Runtime 1.0 (scout), InstallationDirectory = /var/home/puppy/.local/share/Steam/steamapps/common/SteamLinuxRuntime }, LibraryFolder = /var/home/puppy/.local/share/Steam, SteamPath = /home/puppy/.local/share/Steam, AppId = 1070560, Name = Steam Linux Runtime 1.0 (scout), Path = /var/home/puppy/.local/share/Steam/steamapps/common/SteamLinuxRuntime }
Found SteamGame { AppManifest = { AppId = 1826330, Name = Proton EasyAntiCheat Runtime, InstallationDirectory = /var/home/puppy/.local/share/Steam/steamapps/common/Proton EasyAntiCheat Runtime }, LibraryFolder = /var/home/puppy/.local/share/Steam, SteamPath = /home/puppy/.local/share/Steam, AppId = 1826330, Name = Proton EasyAntiCheat Runtime, Path = /var/home/puppy/.local/share/Steam/steamapps/common/Proton EasyAntiCheat Runtime }
Found SteamGame { AppManifest = { AppId = 1161040, Name = Proton BattlEye Runtime, InstallationDirectory = /var/home/puppy/.local/share/Steam/steamapps/common/Proton BattlEye Runtime }, LibraryFolder = /var/home/puppy/.local/share/Steam, SteamPath = /home/puppy/.local/share/Steam, AppId = 1161040, Name = Proton BattlEye Runtime, Path = /var/home/puppy/.local/share/Steam/steamapps/common/Proton BattlEye Runtime }
Found SteamGame { AppManifest = { AppId = 1391110, Name = Steam Linux Runtime 2.0 (soldier), InstallationDirectory = /var/home/puppy/.local/share/Steam/steamapps/common/SteamLinuxRuntime_soldier }, LibraryFolder = /var/home/puppy/.local/share/Steam, SteamPath = /home/puppy/.local/share/Steam, AppId = 1391110, Name = Steam Linux Runtime 2.0 (soldier), Path = /var/home/puppy/.local/share/Steam/steamapps/common/SteamLinuxRuntime_soldier }
Found SteamGame { AppManifest = { AppId = 3086180, Name = Proton Voice Files, InstallationDirectory = /var/home/puppy/.local/share/Steam/steamapps/common/Proton Voice Files }, LibraryFolder = /var/home/puppy/.local/share/Steam, SteamPath = /home/puppy/.local/share/Steam, AppId = 3086180, Name = Proton Voice Files, Path = /var/home/puppy/.local/share/Steam/steamapps/common/Proton Voice Files }
Found SteamGame { AppManifest = { AppId = 480490, Name = Prey, InstallationDirectory = /var/home/puppy/.local/share/Steam/steamapps/common/Prey }, LibraryFolder = /var/home/puppy/.local/share/Steam, SteamPath = /home/puppy/.local/share/Steam, AppId = 480490, Name = Prey, Path = /var/home/puppy/.local/share/Steam/steamapps/common/Prey }
Found SteamGame { AppManifest = { AppId = 1727420, Name = Midinous, InstallationDirectory = /var/home/puppy/.local/share/Steam/steamapps/common/Midinous }, LibraryFolder = /var/home/puppy/.local/share/Steam, SteamPath = /home/puppy/.local/share/Steam, AppId = 1727420, Name = Midinous, Path = /var/home/puppy/.local/share/Steam/steamapps/common/Midinous }
Found SteamGame { AppManifest = { AppId = 877850, Name = Tribe XR | DJ Academy, InstallationDirectory = /var/home/puppy/.local/share/Steam/steamapps/common/TribeXR DJ School }, LibraryFolder = /var/home/puppy/.local/share/Steam, SteamPath = /home/puppy/.local/share/Steam, AppId = 877850, Name = Tribe XR | DJ Academy, Path = /var/home/puppy/.local/share/Steam/steamapps/common/TribeXR DJ School }
Found SteamGame { AppManifest = { AppId = 657280, Name = Rytmik Studio, InstallationDirectory = /var/home/puppy/.local/share/Steam/steamapps/common/Rytmik Studio }, LibraryFolder = /var/home/puppy/.local/share/Steam, SteamPath = /home/puppy/.local/share/Steam, AppId = 657280, Name = Rytmik Studio, Path = /var/home/puppy/.local/share/Steam/steamapps/common/Rytmik Studio }
Found SteamGame { AppManifest = { AppId = 2073850, Name = THE FINALS, InstallationDirectory = /var/home/puppy/.local/share/Steam/steamapps/common/The Finals }, LibraryFolder = /var/home/puppy/.local/share/Steam, SteamPath = /home/puppy/.local/share/Steam, AppId = 2073850, Name = THE FINALS, Path = /var/home/puppy/.local/share/Steam/steamapps/common/The Finals }
Found SteamGame { AppManifest = { AppId = 2230260, Name = Proton Next, InstallationDirectory = /var/home/puppy/.local/share/Steam/steamapps/common/Proton Next }, LibraryFolder = /var/home/puppy/.local/share/Steam, SteamPath = /home/puppy/.local/share/Steam, AppId = 2230260, Name = Proton Next, Path = /var/home/puppy/.local/share/Steam/steamapps/common/Proton Next }
Found SteamGame { AppManifest = { AppId = 2180100, Name = Proton Hotfix, InstallationDirectory = /var/home/puppy/.local/share/Steam/steamapps/common/Proton Hotfix }, LibraryFolder = /var/home/puppy/.local/share/Steam, SteamPath = /home/puppy/.local/share/Steam, AppId = 2180100, Name = Proton Hotfix, Path = /var/home/puppy/.local/share/Steam/steamapps/common/Proton Hotfix }
Found SteamGame { AppManifest = { AppId = 3658110, Name = Proton 10.0, InstallationDirectory = /var/home/puppy/.local/share/Steam/steamapps/common/Proton 10.0 }, LibraryFolder = /var/home/puppy/.local/share/Steam, SteamPath = /home/puppy/.local/share/Steam, AppId = 3658110, Name = Proton 10.0, Path = /var/home/puppy/.local/share/Steam/steamapps/common/Proton 10.0 }
Found SteamGame { AppManifest = { AppId = 4000, Name = Garry's Mod, InstallationDirectory = /var/home/puppy/.local/share/Steam/steamapps/common/GarrysMod }, LibraryFolder = /var/home/puppy/.local/share/Steam, SteamPath = /home/puppy/.local/share/Steam, AppId = 4000, Name = Garry's Mod, Path = /var/home/puppy/.local/share/Steam/steamapps/common/GarrysMod }
Found SteamGame { AppManifest = { AppId = 3971780, Name = Etude Playtest, InstallationDirectory = /var/home/puppy/.local/share/Steam/steamapps/common/Etude Playtest }, LibraryFolder = /var/home/puppy/.local/share/Steam, SteamPath = /home/puppy/.local/share/Steam, AppId = 3971780, Name = Etude Playtest, Path = /var/home/puppy/.local/share/Steam/steamapps/common/Etude Playtest }
Found SteamGame { AppManifest = { AppId = 1225580, Name = Fe, InstallationDirectory = /var/home/puppy/.local/share/Steam/steamapps/common/Fe }, LibraryFolder = /var/home/puppy/.local/share/Steam, SteamPath = /home/puppy/.local/share/Steam, AppId = 1225580, Name = Fe, Path = /var/home/puppy/.local/share/Steam/steamapps/common/Fe }
Found SteamGame { AppManifest = { AppId = 228980, Name = Steamworks Common Redistributables, InstallationDirectory = /var/home/puppy/.local/share/Steam/steamapps/common/Steamworks Shared }, LibraryFolder = /var/home/puppy/.local/share/Steam, SteamPath = /home/puppy/.local/share/Steam, AppId = 228980, Name = Steamworks Common Redistributables, Path = /var/home/puppy/.local/share/Steam/steamapps/common/Steamworks Shared }
Found SteamGame { AppManifest = { AppId = 1628350, Name = Steam Linux Runtime 3.0 (sniper), InstallationDirectory = /var/home/puppy/.local/share/Steam/steamapps/common/SteamLinuxRuntime_sniper }, LibraryFolder = /var/home/puppy/.local/share/Steam, SteamPath = /home/puppy/.local/share/Steam, AppId = 1628350, Name = Steam Linux Runtime 3.0 (sniper), Path = /var/home/puppy/.local/share/Steam/steamapps/common/SteamLinuxRuntime_sniper }
Found SteamGame { AppManifest = { AppId = 1493710, Name = Proton Experimental, InstallationDirectory = /var/home/puppy/.local/share/Steam/steamapps/common/Proton - Experimental }, LibraryFolder = /var/home/puppy/.local/share/Steam, SteamPath = /home/puppy/.local/share/Steam, AppId = 1493710, Name = Proton Experimental, Path = /var/home/puppy/.local/share/Steam/steamapps/common/Proton - Experimental }
Found SteamGame { AppManifest = { AppId = 438100, Name = VRChat, InstallationDirectory = /var/home/puppy/.local/share/Steam/steamapps/common/VRChat }, LibraryFolder = /var/home/puppy/.local/share/Steam, SteamPath = /home/puppy/.local/share/Steam, AppId = 438100, Name = VRChat, Path = /var/home/puppy/.local/share/Steam/steamapps/common/VRChat }
Found SteamGame { AppManifest = { AppId = 22380, Name = Fallout: New Vegas, InstallationDirectory = /var/home/puppy/.local/share/Steam/steamapps/common/Fallout New Vegas }, LibraryFolder = /var/home/puppy/.local/share/Steam, SteamPath = /home/puppy/.local/share/Steam, AppId = 22380, Name = Fallout: New Vegas, Path = /var/home/puppy/.local/share/Steam/steamapps/common/Fallout New Vegas }
Downloading ModdingLinked/VivaNewVegas
[00:00:05] Downloading ModdingLinked_@@_VivaNewVegas.wabbajack (225.3/225.4MB) - 36.3MB/s Total: 0.0MB/s
[00:00:05] Downloading ModdingLinked_@@_VivaNewVegas.wabbajack (225.4/225.4MB) - 36.3MB/s Total: 0.0MB/sFinished downloading 

jackify-engine v0.3.18.0: Minimal Linux-native modlist installer for Jackify
---------------------------------------------------------------
[00:00:06] Installing: Viva New Vegas - 12.10.25
[09:01:55] Init Client: b6e82be4e7f003966519a317f208cd02133fb00d07ea30c92e7f7b3d98a238f2

=== Configuring Installer ===
[00:00:06] Configuring Processor
[00:00:06] Install Folder: /home/puppy/Wabbajack/Modding
[00:00:06] Downloads Folder: /home/puppy/Wabbajack/Modding/mods
[00:00:06] Game Folder: /var/home/puppy/.local/share/Steam/steamapps/common/Fallout New Vegas
[00:00:06] Engine Folder: /var/home/puppy/Jackify/jackify-engine
[00:00:06] Optimizing ModList directives

=== Looking for files to delete ===

=== Cleaning empty folders ===

=== Looking for unmodified files ===

=== Updating ModList ===
[00:00:09] Optimized 18865 directives to 4 required

=== Hashing Archives ===
[00:00:09] Looking for files to hash
[00:00:10] Getting archive sizes
[00:00:10] Linking archives to downloads

=== Hashing downloads ===
[00:00:10] Found 56241 total files, 0 matching filesize
[00:00:10] Missing 0 archives
[00:00:10] Downloading validation data
[00:00:10] Validating Archives
[00:00:10] Downloading missing archives
[00:00:10] Downloading 0 archives

=== Downloading files ===

=== Hashing Archives ===
[00:00:10] Looking for files to hash
[00:00:10] Getting archive sizes
[00:00:10] Linking archives to downloads

=== Hashing downloads ===
[00:00:10] Found 56241 total files, 0 matching filesize

=== Extracting Modlist ===

=== Priming VFS ===

=== Building Folder Structure ===
[00:00:13] Building Folder Structure

=== Installing files ===
[00:00:13] Starting installation: 0 files to process, 0 textures to recompress

[00:00:13] Writing inline files

=== Installing Included Files ===
[00:00:13] Looking for downloads by size
[00:00:13] Writing Metas (17847 files)
[00:00:16] Generating debug caches
[00:00:16] Building 0 bsa files
=== Building BSAs ===

=== Removing Temporary Files ===
Removing temp folder __temp__

=== Generating ZEdit Merges ===
Remapping ModOrganizer.ini
No SystemParameters set, ignoring ini settings for system parameters
Cleaned up texture processing resources

=== Finished ===
Finished Modlist Installation


Success: Installation completed successfully

================================================================
= Installation phase complete =
================================================================

================================================================
= Starting Configuration Phase =
================================================================


=== Steam Integration ===
[00:00:00] Creating Steam shortcut with native service
[00:00:00] Steam shortcut created successfully
[00:00:00] Restarting Steam...
[00:00:22] Steam restarted successfully
[00:00:22] Creating Proton prefix...
[00:00:40] Proton prefix created successfully
[00:00:40] Verifying setup...
[00:00:40] Setup verification completed
[00:00:40] Injecting FNV game registry entries...
[00:00:41] Steam integration complete



[DEBUG] Starting configuration for Viva New Vegas
[DEBUG] Debug mode enabled: True
[DEBUG] Install directory: /home/puppy/Wabbajack/Modding
[DEBUG] Resolution: 1920x1080
[DEBUG] App ID: 3371625244
[DEBUG] GUI logging handler installed for backend services
[DEBUG] [SD_CARD_DEBUG] ModlistHandler created: id=140164875405696, steamdeck=False
[DEBUG] [SD_CARD_DEBUG] Created from: /var/home/puppy/Jackify/.tmp/.mount_Jackifk5bZni/opt/jackify/backend/handlers/menu_handler.py:167 in __init__()
[DEBUG] Initializing ModlistHandler with config dict
[DEBUG] Found bundled winetricks at: /home/puppy/Jackify/.tmp/.mount_Jackifk5bZni/opt/jackify/tools/winetricks
[DEBUG] Configuration context built: {'name': 'Viva New Vegas', 'path': '/home/puppy/Wabbajack/Modding', 'mo2_exe_path': '/home/puppy/Wabbajack/Modding/ModOrganizer.exe', 'resolution': '1920x1080', 'skip_confirmation': True, 'manual_steps_completed': True, 'appid': 3371625244, 'engine_installed': True}
[DEBUG] Setting up GUI mode and stdout redirection
[DEBUG] Calling run_modlist_configuration_phase
[DEBUG] [DEBUG] Entering run_modlist_configuration_phase with context: {'name': 'Viva New Vegas', 'path': '/home/puppy/Wabbajack/Modding', 'mo2_exe_path': '/home/puppy/Wabbajack/Modding/ModOrganizer.exe', 'resolution': '1920x1080', 'skip_confirmation': True, 'manual_steps_completed': True, 'appid': 3371625244, 'engine_installed': True}
[DEBUG] Using AppName: Viva New Vegas, AppID: 3371625244, Path: /home/puppy/Wabbajack/Modding
[DEBUG] SD card detection: modlist_dir=/home/puppy/Wabbajack/Modding, is_sdcard_path=False, steamdeck=False
[DEBUG] Set modlist_sdcard=False (is_on_sdcard_path=False, steamdeck=False)
[DEBUG] Found compatdata path: /var/home/puppy/.local/share/Steam/steamapps/compatdata/3371625244
[DEBUG]   Directory: /home/puppy/Wabbajack/Modding
[DEBUG]   INI Path: /home/puppy/Wabbajack/Modding/ModOrganizer.ini
[DEBUG]   On SD Card: False
[DEBUG]   Engine Installed: True
[DEBUG] [DEBUG] set_modlist returned: True
=== Configuration Summary ===
[00:00:41] Selected Modlist: Viva New Vegas
[00:00:41] Game Type: Fallout New Vegas
[00:00:41] Steam App ID: 3371625244
[00:00:41] Modlist Directory: /home/puppy/Wabbajack/Modding
[00:00:41] ModOrganizer.ini: /home/puppy/Wabbajack/Modding/ModOrganizer.ini
[00:00:41] Proton Version: proton_experimental
[00:00:41] Resolution: 1920x1080
[00:00:41] Modlist on SD Card: False
=== Prefix Configuration ===
[00:00:00] Setting Protontricks permissions
[DEBUG] Using native Steam operations, permissions handled natively
[DEBUG] [MANUAL STEPS DEBUG] manual_steps_completed: True, skip_manual_prompt: False
[00:00:00] Applying curated registry files for modlist configuration
[00:00:00] Installing Wine components (this may take a while)
[DEBUG] Getting WINEPREFIX for AppID 3371625244 via native path discovery
[DEBUG] Winetricks version: 20250102-next - sha256sum: d2981475cd3bbc39d243198d1f64894b765b6ad040dfdcfe9edfc0943dad0d56
[DEBUG] Proton dist path: /var/home/puppy/.local/share/Steam/steamapps/common/Proton - Experimental/files
[DEBUG] Set protontricks environment: WINEDLLPATH=/var/home/puppy/.local/share/Steam/steamapps/common/Proton - Experimental/files/lib64/wine:/var/home/puppy/.local/share/Steam/steamapps/common/Proton - Experimental/files/lib/wine
[DEBUG] Found bundled cabextract at: /home/puppy/Jackify/.tmp/.mount_Jackifk5bZni/opt/jackify/tools/cabextract
[DEBUG] Detecting if protontricks is installed...
[DEBUG] Detected Protontricks is a Flatpak wrapper at /usr/bin/protontricks
[DEBUG] Protontricks output: Using winetricks 20250102 (protontricks) - sha256sum: 7b77e5a560c886f9945dc4206f0ea98d099c0fd902ae05681fe988e45f456e3b with wine-10.0 and WINEARCH=win64
Setting font smoothing to rgb
Using native,builtin override for following DLLs: xaudio2_0 xaudio2_1 xaudio2_2 xaudio2_3 xaudio2_4 xaudio2_5 xaudio2_6 xaudio2_7
Using native,builtin override for following DLLs: x3daudio1_0 x3daudio1_1 x3daudio1_2 x3daudio1_3 x3daudio1_4 x3daudio1_5 x3daudio1_6 x3daudio1_7
Using native,builtin override for following DLLs: xapofx1_1 xapofx1_2 xapofx1_3 xapofx1_4 xapofx1_5
Using native,builtin override for following DLLs: xactengine2_0 xactengine2_10 xactengine2_1 xactengine2_2 xactengine2_3 xactengine2_4 xactengine2_5 xactengine2_6 xactengine2_7 xactengine2_8 xactengine2_9 xactengine3_0 xactengine3_1 xactengine3_2 xactengine3_3 xactengine3_4 xactengine3_5 xactengine3_6 xactengine3_7

[ERROR] Protontricks command failed (Attempt 1/3). Return Code: 1
[ERROR] Stdout: Using winetricks 20250102 (protontricks) - sha256sum: 7b77e5a560c886f9945dc4206f0ea98d099c0fd902ae05681fe988e45f456e3b with wine-10.0 and WINEARCH=win64
Setting font smoothing to rgb
Using native,builtin override for following DLLs: xaudio2_0 xaudio2_1 xaudio2_2 xaudio2_3 xaudio2_4 xaudio2_5 xaudio2_6 xaudio2_7
Using native,builtin override for following DLLs: x3daudio1_0 x3daudio1_1 x3daudio1_2 x3daudio1_3 x3daudio1_4 x3daudio1_5 x3daudio1_6 x3daudio1_7
Using native,builtin override for following DLLs: xapofx1_1 xapofx1_2 xapofx1_3 xapofx1_4 xapofx1_5
Using native,builtin override for following DLLs: xactengine2_0 xactengine2_10 xactengine2_1 xactengine2_2 xactengine2_3 xactengine2_4 xactengine2_5 xactengine2_6 xactengine2_7 xactengine2_8 xactengine2_9 xactengine3_0 xactengine3_1 xactengine3_2 xactengine3_3 xactengine3_4 xactengine3_5 xactengine3_6 xactengine3_7
[ERROR] Stderr: protontricks (WARNING): Unknown Flatpak file system permission 'xdg-config/gtk-3.0:ro', ignoring.
protontricks (WARNING): Unknown Flatpak file system permission 'xdg-config/gtk-4.0:ro', ignoring.
protontricks (WARNING): Unknown Flatpak file system permission 'xdg-config/vkBasalt:create', ignoring.
protontricks (WARNING): Unknown Flatpak file system permission 'xdg-config/MangoHud:create', ignoring.
Executing cd /app/bin
Executing w_do_call fontsmooth=rgb
Executing load_fontsmooth rgb
Executing /home/puppy/.var/app/com.github.Matoking.protontricks/cache/protontricks/proton/Proton Experimental/bin/wine C:\windows\syswow64\regedit.exe /S C:\windows\Temp\fontsmooth.reg
fsync: up and running.
Executing /home/puppy/.var/app/com.github.Matoking.protontricks/cache/protontricks/proton/Proton Experimental/bin/wine64 C:\windows\regedit.exe /S C:\windows\Temp\fontsmooth.reg
wineserver: using server-side synchronization.
Executing w_do_call xact
Executing load_xact 
grep: warning: stray \ before /
Executing cabextract -q -d /var/home/puppy/.local/share/Steam/steamapps/compatdata/3371625244/pfx/dosdevices/c:/windows/temp -L -F *_xact_*x86* /home/puppy/.var/app/com.github.Matoking.protontricks/cache/winetricks/directx9/directx_Jun2010_redist.exe
Executing cabextract -q -d /var/home/puppy/.local/share/Steam/steamapps/compatdata/3371625244/pfx/dosdevices/c:/windows/temp -L -F *_x3daudio_*x86* /home/puppy/.var/app/com.github.Matoking.protontricks/cache/winetricks/directx9/directx_Jun2010_redist.exe
Executing cabextract -q -d /var/home/puppy/.local/share/Steam/steamapps/compatdata/3371625244/pfx/dosdevices/c:/windows/temp -L -F *_xaudio_*x86* /home/puppy/.var/app/com.github.Matoking.protontricks/cache/winetricks/directx9/directx_Jun2010_redist.exe
Executing cabextract -q -d /var/home/puppy/.local/share/Steam/steamapps/compatdata/3371625244/pfx/dosdevices/c:/windows/syswow64 -L -F xactengine*.dll /var/home/puppy/.local/share/Steam/steamapps/compatdata/3371625244/pfx/dosdevices/c:/windows/temp/apr2006_xact_x86.cab
/var/home/puppy/.local/share/Steam/steamapps/compatdata/3371625244/pfx/dosdevices/c:/windows/temp/apr2006_xact_x86.cab: WARNING; possible 5960 extra bytes at end of file.
Executing cabextract -q -d /var/home/puppy/.local/share/Steam/steamapps/compatdata/3371625244/pfx/dosdevices/c:/windows/syswow64 -L -F xaudio*.dll /var/home/puppy/.local/share/Steam/steamapps/compatdata/3371625244/pfx/dosdevices/c:/windows/temp/apr2006_xact_x86.cab
/var/home/puppy/.local/share/Steam/steamapps/compatdata/3371625244/pfx/dosdevices/c:/windows/temp/apr2006_xact_x86.cab: WARNING; possible 5960 extra bytes at end of file.
Executing cabextract -q -d /var/home/puppy/.local/share/Steam/steamapps/compatdata/3371625244/pfx/dosdevices/c:/windows/syswow64 -L -F x3daudio*.dll /var/home/puppy/.local/share/Steam/steamapps/compatdata/3371625244/pfx/dosdevices/c:/windows/temp/apr2006_xact_x86.cab
/var/home/puppy/.local/share/Steam/steamapps/compatdata/3371625244/pfx/dosdevices/c:/windows/temp/apr2006_xact_x86.cab: WARNING; possible 5960 extra bytes at end of file.
Executing cabextract -q -d /var/home/puppy/.local/share/Steam/steamapps/compatdata/3371625244/pfx/dosdevices/c:/windows/syswow64 -L -F xapofx*.dll /var/home/puppy/.local/share/Steam/steamapps/compatdata/3371625244/pfx/dosdevices/c:/windows/temp/apr2006_xact_x86.cab
/var/home/puppy/.local/share/Steam/steamapps/compatdata/3371625244/pfx/dosdevices/c:/windows/temp/apr2006_xact_x86.cab: WARNING; possible 5960 extra bytes at end of file.
Executing cabextract -q -d /var/home/puppy/.local/share/Steam/steamapps/compatdata/3371625244/pfx/dosdevices/c:/windows/syswow64 -L -F xactengine*.dll /var/home/puppy/.local/share/Steam/steamapps/compatdata/3371625244/pfx/dosdevices/c:/windows/temp/apr2007_xact_x86.cab
/var/home/puppy/.local/share/Steam/steamapps/compatdata/3371625244/pfx/dosdevices/c:/windows/temp/apr2007_xact_x86.cab: WARNING; possible 5960 extra bytes at end of file.
Executing cabextract -q -d /var/home/puppy/.local/share/Steam/steamapps/compatdata/3371625244/pfx/dosdevices/c:/windows/syswow64 -L -F xaudio*.dll /var/home/puppy/.local/share/Steam/steamapps/compatdata/3371625244/pfx/dosdevices/c:/windows/temp/apr2007_xact_x86.cab
/var/home/puppy/.local/share/Steam/steamapps/compatdata/3371625244/pfx/dosdevices/c:/windows/temp/apr2007_xact_x86.cab: WARNING; possible 5960 extra bytes at end of file.
Executing cabextract -q -d /var/home/puppy/.local/share/Steam/steamapps/compatdata/3371625244/pfx/dosdevices/c:/windows/syswow64 -L -F x3daudio*.dll /var/home/puppy/.local/share/Steam/steamapps/compatdata/3371625244/pfx/dosdevices/c:/windows/temp/apr2007_xact_x86.cab
/var/home/puppy/.local/share/Steam/steamapps/compatdata/3371625244/pfx/dosdevices/c:/windows/temp/apr2007_xact_x86.cab: WARNING; possible 5960 extra bytes at end of file.
Executing cabextract -q -d /var/home/puppy/.local/share/Steam/steamapps/compatdata/3371625244/pfx/dosdevices/c:/windows/syswow64 -L -F xapofx*.dll /var/home/puppy/.local/share/Steam/steamapps/compatdata/3371625244/pfx/dosdevices/c:/windows/temp/apr2007_xact_x86.cab
/var/home/puppy/.local/share/Steam/steamapps/compatdata/3371625244/pfx/dosdevices/c:/windows/temp/apr2007_xact_x86.cab: WARNING; possible 5960 extra bytes at end of file.
Executing cabextract -q -d /var/home/puppy/.local/share/Steam/steamapps/compatdata/3371625244/pfx/dosdevices/c:/windows/syswow64 -L -F xactengine*.dll /var/home/puppy/.local/share/Steam/steamapps/compatdata/3371625244/pfx/dosdevices/c:/windows/temp/aug2006_xact_x86.cab
/var/home/puppy/.local/share/Steam/steamapps/compatdata/3371625244/pfx/dosdevices/c:/windows/temp/aug2006_xact_x86.cab: WARNING; possible 5960 extra bytes at end of file.
Executing cabextract -q -d /var/home/puppy/.local/share/Steam/steamapps/compatdata/3371625244/pfx/dosdevices/c:/windows/syswow64 -L -F xaudio*.dll /var/home/puppy/.local/share/Steam/steamapps/compatdata/3371625244/pfx/dosdevices/c:/windows/temp/aug2006_xact_x86.cab
/var/home/puppy/.local/share/Steam/steamapps/compatdata/3371625244/pfx/dosdevices/c:/windows/temp/aug2006_xact_x86.cab: WARNING; possible 5960 extra bytes at end of file.
Executing cabextract -q -d /var/home/puppy/.local/share/Steam/steamapps/compatdata/3371625244/pfx/dosdevices/c:/windows/syswow64 -L -F x3daudio*.dll /var/home/puppy/.local/share/Steam/steamapps/compatdata/3371625244/pfx/dosdevices/c:/windows/temp/aug2006_xact_x86.cab
/var/home/puppy/.local/share/Steam/steamapps/compatdata/3371625244/pfx/dosdevices/c:/windows/temp/aug2006_xact_x86.cab: WARNING; possible 5960 extra bytes at end of file.
Executing cabextract -q -d /var/home/puppy/.local/share/Steam/steamapps/compatdata/3371625244/pfx/dosdevices/c:/windows/syswow64 -L -F xapofx*.dll /var/home/puppy/.local/share/Steam/steamapps/compatdata/3371625244/pfx/dosdevices/c:/windows/temp/aug2006_xact_x86.cab
/var/home/puppy/.local/share/Steam/steamapps/compatdata/3371625244/pfx/dosdevices/c:/windows/temp/aug2006_xact_x86.cab: WARNING; possible 5960 extra bytes at end of file.
Executing cabextract -q -d /var/home/puppy/.local/share/Steam/steamapps/compatdata/3371625244/pfx/dosdevices/c:/windows/syswow64 -L -F xactengine*.dll /var/home/puppy/.local/share/Steam/steamapps/compatdata/3371625244/pfx/dosdevices/c:/windows/temp/aug2007_xact_x86.cab
/var/home/puppy/.local/share/Steam/steamapps/compatdata/3371625244/pfx/dosdevices/c:/windows/temp/aug2007_xact_x86.cab: WARNING; possible 5960 extra bytes at end of file.
Executing cabextract -q -d /var/home/puppy/.local/share/Steam/steamapps/compatdata/3371625244/pfx/dosdevices/c:/windows/syswow64 -L -F xaudio*.dll /var/home/puppy/.local/share/Steam/steamapps/compatdata/3371625244/pfx/dosdevices/c:/windows/temp/aug2007_xact_x86.cab
/var/home/puppy/.local/share/Steam/steamapps/compatdata/3371625244/pfx/dosdevices/c:/windows/temp/aug2007_xact_x86.cab: WARNING; possible 5960 extra bytes at end of file.
Executing cabextract -q -d /var/home/puppy/.local/share/Steam/steamapps/compatdata/3371625244/pfx/dosdevices/c:/windows/syswow64 -L -F x3daudio*.dll /var/home/puppy/.local/share/Steam/steamapps/compatdata/3371625244/pfx/dosdevices/c:/windows/temp/aug2007_xact_x86.cab
/var/home/puppy/.local/share/Steam/steamapps/compatdata/3371625244/pfx/dosdevices/c:/windows/temp/aug2007_xact_x86.cab: WARNING; possible 5960 extra bytes at end of file.
Executing cabextract -q -d /var/home/puppy/.local/share/Steam/steamapps/compatdata/3371625244/pfx/dosdevices/c:/windows/syswow64 -L -F xapofx*.dll /var/home/puppy/.local/share/Steam/steamapps/compatdata/3371625244/pfx/dosdevices/c:/windows/temp/aug2007_xact_x86.cab
/var/home/puppy/.local/share/Steam/steamapps/compatdata/3371625244/pfx/dosdevices/c:/windows/temp/aug2007_xact_x86.cab: WARNING; possible 5960 extra bytes at end of file.
Executing cabextract -q -d /var/home/puppy/.local/share/Steam/steamapps/compatdata/3371625244/pfx/dosdevices/c:/windows/syswow64 -L -F xactengine*.dll /var/home/puppy/.local/share/Steam/steamapps/compatdata/3371625244/pfx/dosdevices/c:/windows/temp/aug2008_xact_x86.cab
/var/home/puppy/.local/share/Steam/steamapps/compatdata/3371625244/pfx/dosdevices/c:/windows/temp/aug2008_xact_x86.cab: WARNING; possible 5960 extra bytes at end of file.
Executing cabextract -q -d /var/home/puppy/.local/share/Steam/steamapps/compatdata/3371625244/pfx/dosdevices/c:/windows/syswow64 -L -F xaudio*.dll /var/home/puppy/.local/share/Steam/steamapps/compatdata/3371625244/pfx/dosdevices/c:/windows/temp/aug2008_xact_x86.cab
/var/home/puppy/.local/share/Steam/steamapps/compatdata/3371625244/pfx/dosdevices/c:/windows/temp/aug2008_xact_x86.cab: WARNING; possible 5960 extra bytes at end of file.
Executing cabextract -q -d /var/home/puppy/.local/share/Steam/steamapps/compatdata/3371625244/pfx/dosdevices/c:/windows/syswow64 -L -F x3daudio*.dll /var/home/puppy/.local/share/Steam/steamapps/compatdata/3371625244/pfx/dosdevices/c:/windows/temp/aug2008_xact_x86.cab
/var/home/puppy/.local/share/Steam/steamapps/compatdata/3371625244/pfx/dosdevices/c:/windows/temp/aug2008_xact_x86.cab: WARNING; possible 5960 extra bytes at end of file.
Executing cabextract -q -d /var/home/puppy/.local/share/Steam/steamapps/compatdata/3371625244/pfx/dosdevices/c:/windows/syswow64 -L -F xapofx*.dll /var/home/puppy/.local/share/Steam/steamapps/compatdata/3371625244/pfx/dosdevices/c:/windows/temp/aug2008_xact_x86.cab
/var/home/puppy/.local/share/Steam/steamapps/compatdata/3371625244/pfx/dosdevices/c:/windows/temp/aug2008_xact_x86.cab: WARNING; possible 5960 extra bytes at end of file.
Executing cabextract -q -d /var/home/puppy/.local/share/Steam/steamapps/compatdata/3371625244/pfx/dosdevices/c:/windows/syswow64 -L -F xactengine*.dll /var/home/puppy/.local/share/Steam/steamapps/compatdata/3371625244/pfx/dosdevices/c:/windows/temp/aug2008_xaudio_x86.cab
/var/home/puppy/.local/share/Steam/steamapps/compatdata/3371625244/pfx/dosdevices/c:/windows/temp/aug2008_xaudio_x86.cab: WARNING; possible 5960 extra bytes at end of file.
Executing cabextract -q -d /var/home/puppy/.local/share/Steam/steamapps/compatdata/3371625244/pfx/dosdevices/c:/windows/syswow64 -L -F xaudio*.dll /var/home/puppy/.local/share/Steam/steamapps/compatdata/3371625244/pfx/dosdevices/c:/windows/temp/aug2008_xaudio_x86.cab
/var/home/puppy/.local/share/Steam/steamapps/compatdata/3371625244/pfx/dosdevices/c:/windows/temp/aug2008_xaudio_x86.cab: WARNING; possible 5960 extra bytes at end of file.
Executing cabextract -q -d /var/home/puppy/.local/share/Steam/steamapps/compatdata/3371625244/pfx/dosdevices/c:/windows/syswow64 -L -F x3daudio*.dll /var/home/puppy/.local/share/Steam/steamapps/compatdata/3371625244/pfx/dosdevices/c:/windows/temp/aug2008_xaudio_x86.cab
/var/home/puppy/.local/share/Steam/steamapps/compatdata/3371625244/pfx/dosdevices/c:/windows/temp/aug2008_xaudio_x86.cab: WARNING; possible 5960 extra bytes at end of file.
Executing cabextract -q -d /var/home/puppy/.local/share/Steam/steamapps/compatdata/3371625244/pfx/dosdevices/c:/windows/syswow64 -L -F xapofx*.dll /var/home/puppy/.local/share/Steam/steamapps/compatdata/3371625244/pfx/dosdevices/c:/windows/temp/aug2008_xaudio_x86.cab
/var/home/puppy/.local/share/Steam/steamapps/compatdata/3371625244/pfx/dosdevices/c:/windows/temp/aug2008_xaudio_x86.cab: WARNING; possible 5960 extra bytes at end of file.
Executing cabextract -q -d /var/home/puppy/.local/share/Steam/steamapps/compatdata/3371625244/pfx/dosdevices/c:/windows/syswow64 -L -F xactengine*.dll /var/home/puppy/.local/share/Steam/steamapps/compatdata/3371625244/pfx/dosdevices/c:/windows/temp/aug2009_xact_x86.cab
/var/home/puppy/.local/share/Steam/steamapps/compatdata/3371625244/pfx/dosdevices/c:/windows/temp/aug2009_xact_x86.cab: WARNING; possible 5960 extra bytes at end of file.
Executing cabextract -q -d /var/home/puppy/.local/share/Steam/steamapps/compatdata/3371625244/pfx/dosdevices/c:/windows/syswow64 -L -F xaudio*.dll /var/home/puppy/.local/share/Steam/steamapps/compatdata/3371625244/pfx/dosdevices/c:/windows/temp/aug2009_xact_x86.cab
/var/home/puppy/.local/share/Steam/steamapps/compatdata/3371625244/pfx/dosdevices/c:/windows/temp/aug2009_xact_x86.cab: WARNING; possible 5960 extra bytes at end of file.
Executing cabextract -q -d /var/home/puppy/.local/share/Steam/steamapps/compatdata/3371625244/pfx/dosdevices/c:/windows/syswow64 -L -F x3daudio*.dll /var/home/puppy/.local/share/Steam/steamapps/compatdata/3371625244/pfx/dosdevices/c:/windows/temp/aug2009_xact_x86.cab
/var/home/puppy/.local/share/Steam/steamapps/compatdata/3371625244/pfx/dosdevices/c:/windows/temp/aug2009_xact_x86.cab: WARNING; possible 5960 extra bytes at end of file.
Executing cabextract -q -d /var/home/puppy/.local/share/Steam/steamapps/compatdata/3371625244/pfx/dosdevices/c:/windows/syswow64 -L -F xapofx*.dll /var/home/puppy/.local/share/Steam/steamapps/compatdata/3371625244/pfx/dosdevices/c:/windows/temp/aug2009_xact_x86.cab
/var/home/puppy/.local/share/Steam/steamapps/compatdata/3371625244/pfx/dosdevices/c:/windows/temp/aug2009_xact_x86.cab: WARNING; possible 5960 extra bytes at end of file.
Executing cabextract -q -d /var/home/puppy/.local/share/Steam/steamapps/compatdata/3371625244/pfx/dosdevices/c:/windows/syswow64 -L -F xactengine*.dll /var/home/puppy/.local/share/Steam/steamapps/compatdata/3371625244/pfx/dosdevices/c:/windows/temp/aug2009_xaudio_x86.cab
/var/home/puppy/.local/share/Steam/steamapps/compatdata/3371625244/pfx/dosdevices/c:/windows/temp/aug2009_xaudio_x86.cab: WARNING; possible 5960 extra bytes at end of file.
Executing cabextract -q -d /var/home/puppy/.local/share/Steam/steamapps/compatdata/3371625244/pfx/dosdevices/c:/windows/syswow64 -L -F xaudio*.dll /var/home/puppy/.local/share/Steam/steamapps/compatdata/3371625244/pfx/dosdevices/c:/windows/temp/aug2009_xaudio_x86.cab
/var/home/puppy/.local/share/Steam/steamapps/compatdata/3371625244/pfx/dosdevices/c:/windows/temp/aug2009_xaudio_x86.cab: WARNING; possible 5960 extra bytes at end of file.
Executing cabextract -q -d /var/home/puppy/.local/share/Steam/steamapps/compatdata/3371625244/pfx/dosdevices/c:/windows/syswow64 -L -F x3daudio*.dll /var/home/puppy/.local/share/Steam/steamapps/compatdata/3371625244/pfx/dosdevices/c:/windows/temp/aug2009_xaudio_x86.cab
/var/home/puppy/.local/share/Steam/steamapps/compatdata/3371625244/pfx/dosdevices/c:/windows/temp/aug2009_xaudio_x86.cab: WARNING; possible 5960 extra bytes at end of file.
Executing cabextract -q -d /var/home/puppy/.local/share/Steam/steamapps/compatdata/3371625244/pfx/dosdevices/c:/windows/syswow64 -L -F xapofx*.dll /var/home/puppy/.local/share/Steam/steamapps/compatdata/3371625244/pfx/dosdevices/c:/windows/temp/aug2009_xaudio_x86.cab
/var/home/puppy/.local/share/Steam/steamapps/compatdata/3371625244/pfx/dosdevices/c:/windows/temp/aug2009_xaudio_x86.cab: WARNING; possible 5960 extra bytes at end of file.
Executing cabextract -q -d /var/home/puppy/.local/share/Steam/steamapps/compatdata/3371625244/pfx/dosdevices/c:/windows/syswow64 -L -F xactengine*.dll /var/home/puppy/.local/share/Steam/steamapps/compatdata/3371625244/pfx/dosdevices/c:/windows/temp/dec2006_xact_x86.cab
/var/home/puppy/.local/share/Steam/steamapps/compatdata/3371625244/pfx/dosdevices/c:/windows/temp/dec2006_xact_x86.cab: WARNING; possible 5960 extra bytes at end of file.
Executing cabextract -q -d /var/home/puppy/.local/share/Steam/steamapps/compatdata/3371625244/pfx/dosdevices/c:/windows/syswow64 -L -F xaudio*.dll /var/home/puppy/.local/share/Steam/steamapps/compatdata/3371625244/pfx/dosdevices/c:/windows/temp/dec2006_xact_x86.cab
/var/home/puppy/.local/share/Steam/steamapps/compatdata/3371625244/pfx/dosdevices/c:/windows/temp/dec2006_xact_x86.cab: WARNING; possible 5960 extra bytes at end of file.
Executing cabextract -q -d /var/home/puppy/.local/share/Steam/steamapps/compatdata/3371625244/pfx/dosdevices/c:/windows/syswow64 -L -F x3daudio*.dll /var/home/puppy/.local/share/Steam/steamapps/compatdata/3371625244/pfx/dosdevices/c:/windows/temp/dec2006_xact_x86.cab
/var/home/puppy/.local/share/Steam/steamapps/compatdata/3371625244/pfx/dosdevices/c:/windows/temp/dec2006_xact_x86.cab: WARNING; possible 5960 extra bytes at end of file.
Executing cabextract -q -d /var/home/puppy/.local/share/Steam/steamapps/compatdata/3371625244/pfx/dosdevices/c:/windows/syswow64 -L -F xapofx*.dll /var/home/puppy/.local/share/Steam/steamapps/compatdata/3371625244/pfx/dosdevices/c:/windows/temp/dec2006_xact_x86.cab
/var/home/puppy/.local/share/Steam/steamapps/compatdata/3371625244/pfx/dosdevices/c:/windows/temp/dec2006_xact_x86.cab: WARNING; possible 5960 extra bytes at end of file.
Executing cabextract -q -d /var/home/puppy/.local/share/Steam/steamapps/compatdata/3371625244/pfx/dosdevices/c:/windows/syswow64 -L -F xactengine*.dll /var/home/puppy/.local/share/Steam/steamapps/compatdata/3371625244/pfx/dosdevices/c:/windows/temp/feb2006_xact_x86.cab
/var/home/puppy/.local/share/Steam/steamapps/compatdata/3371625244/pfx/dosdevices/c:/windows/temp/feb2006_xact_x86.cab: WARNING; possible 5960 extra bytes at end of file.
Executing cabextract -q -d /var/home/puppy/.local/share/Steam/steamapps/compatdata/3371625244/pfx/dosdevices/c:/windows/syswow64 -L -F xaudio*.dll /var/home/puppy/.local/share/Steam/steamapps/compatdata/3371625244/pfx/dosdevices/c:/windows/temp/feb2006_xact_x86.cab
/var/home/puppy/.local/share/Steam/steamapps/compatdata/3371625244/pfx/dosdevices/c:/windows/temp/feb2006_xact_x86.cab: WARNING; possible 5960 extra bytes at end of file.
Executing cabextract -q -d /var/home/puppy/.local/share/Steam/steamapps/compatdata/3371625244/pfx/dosdevices/c:/windows/syswow64 -L -F x3daudio*.dll /var/home/puppy/.local/share/Steam/steamapps/compatdata/3371625244/pfx/dosdevices/c:/windows/temp/feb2006_xact_x86.cab
/var/home/puppy/.local/share/Steam/steamapps/compatdata/3371625244/pfx/dosdevices/c:/windows/temp/feb2006_xact_x86.cab: WARNING; possible 5960 extra bytes at end of file.
Executing cabextract -q -d /var/home/puppy/.local/share/Steam/steamapps/compatdata/3371625244/pfx/dosdevices/c:/windows/syswow64 -L -F xapofx*.dll /var/home/puppy/.local/share/Steam/steamapps/compatdata/3371625244/pfx/dosdevices/c:/windows/temp/feb2006_xact_x86.cab
/var/home/puppy/.local/share/Steam/steamapps/compatdata/3371625244/pfx/dosdevices/c:/windows/temp/feb2006_xact_x86.cab: WARNING; possible 5960 extra bytes at end of file.
Executing cabextract -q -d /var/home/puppy/.local/share/Steam/steamapps/compatdata/3371625244/pfx/dosdevices/c:/windows/syswow64 -L -F xactengine*.dll /var/home/puppy/.local/share/Steam/steamapps/compatdata/3371625244/pfx/dosdevices/c:/windows/temp/feb2007_xact_x86.cab
/var/home/puppy/.local/share/Steam/steamapps/compatdata/3371625244/pfx/dosdevices/c:/windows/temp/feb2007_xact_x86.cab: WARNING; possible 5960 extra bytes at end of file.
Executing cabextract -q -d /var/home/puppy/.local/share/Steam/steamapps/compatdata/3371625244/pfx/dosdevices/c:/windows/syswow64 -L -F xaudio*.dll /var/home/puppy/.local/share/Steam/steamapps/compatdata/3371625244/pfx/dosdevices/c:/windows/temp/feb2007_xact_x86.cab
/var/home/puppy/.local/share/Steam/steamapps/compatdata/3371625244/pfx/dosdevices/c:/windows/temp/feb2007_xact_x86.cab: WARNING; possible 5960 extra bytes at end of file.
Executing cabextract -q -d /var/home/puppy/.local/share/Steam/steamapps/compatdata/3371625244/pfx/dosdevices/c:/windows/syswow64 -L -F x3daudio*.dll /var/home/puppy/.local/share/Steam/steamapps/compatdata/3371625244/pfx/dosdevices/c:/windows/temp/feb2007_xact_x86.cab
/var/home/puppy/.local/share/Steam/steamapps/compatdata/3371625244/pfx/dosdevices/c:/windows/temp/feb2007_xact_x86.cab: WARNING; possible 5960 extra bytes at end of file.
Executing cabextract -q -d /var/home/puppy/.local/share/Steam/steamapps/compatdata/3371625244/pfx/dosdevices/c:/windows/syswow64 -L -F xapofx*.dll /var/home/puppy/.local/share/Steam/steamapps/compatdata/3371625244/pfx/dosdevices/c:/windows/temp/feb2007_xact_x86.cab
/var/home/puppy/.local/share/Steam/steamapps/compatdata/3371625244/pfx/dosdevices/c:/windows/temp/feb2007_xact_x86.cab: WARNING; possible 5960 extra bytes at end of file.
Executing cabextract -q -d /var/home/puppy/.local/share/Steam/steamapps/compatdata/3371625244/pfx/dosdevices/c:/windows/syswow64 -L -F xactengine*.dll /var/home/puppy/.local/share/Steam/steamapps/compatdata/3371625244/pfx/dosdevices/c:/windows/temp/feb2010_x3daudio_x86.cab
/var/home/puppy/.local/share/Steam/steamapps/compatdata/3371625244/pfx/dosdevices/c:/windows/temp/feb2010_x3daudio_x86.cab: WARNING; possible 5960 extra bytes at end of file.
Executing cabextract -q -d /var/home/puppy/.local/share/Steam/steamapps/compatdata/3371625244/pfx/dosdevices/c:/windows/syswow64 -L -F xaudio*.dll /var/home/puppy/.local/share/Steam/steamapps/compatdata/3371625244/pfx/dosdevices/c:/windows/temp/feb2010_x3daudio_x86.cab
/var/home/puppy/.local/share/Steam/steamapps/compatdata/3371625244/pfx/dosdevices/c:/windows/temp/feb2010_x3daudio_x86.cab: WARNING; possible 5960 extra bytes at end of file.
Executing cabextract -q -d /var/home/puppy/.local/share/Steam/steamapps/compatdata/3371625244/pfx/dosdevices/c:/windows/syswow64 -L -F x3daudio*.dll /var/home/puppy/.local/share/Steam/steamapps/compatdata/3371625244/pfx/dosdevices/c:/windows/temp/feb2010_x3daudio_x86.cab
/var/home/puppy/.local/share/Steam/steamapps/compatdata/3371625244/pfx/dosdevices/c:/windows/temp/feb2010_x3daudio_x86.cab: WARNING; possible 5960 extra bytes at end of file.
Executing cabextract -q -d /var/home/puppy/.local/share/Steam/steamapps/compatdata/3371625244/pfx/dosdevices/c:/windows/syswow64 -L -F xapofx*.dll /var/home/puppy/.local/share/Steam/steamapps/compatdata/3371625244/pfx/dosdevices/c:/windows/temp/feb2010_x3daudio_x86.cab
/var/home/puppy/.local/share/Steam/steamapps/compatdata/3371625244/pfx/dosdevices/c:/windows/temp/feb2010_x3daudio_x86.cab: WARNING; possible 5960 extra bytes at end of file.
Executing cabextract -q -d /var/home/puppy/.local/share/Steam/steamapps/compatdata/3371625244/pfx/dosdevices/c:/windows/syswow64 -L -F xactengine*.dll /var/home/puppy/.local/share/Steam/steamapps/compatdata/3371625244/pfx/dosdevices/c:/windows/temp/feb2010_xact_x86.cab
/var/home/puppy/.local/share/Steam/steamapps/compatdata/3371625244/pfx/dosdevices/c:/windows/temp/feb2010_xact_x86.cab: WARNING; possible 5960 extra bytes at end of file.
Executing cabextract -q -d /var/home/puppy/.local/share/Steam/steamapps/compatdata/3371625244/pfx/dosdevices/c:/windows/syswow64 -L -F xaudio*.dll /var/home/puppy/.local/share/Steam/steamapps/compatdata/3371625244/pfx/dosdevices/c:/windows/temp/feb2010_xact_x86.cab
/var/home/puppy/.local/share/Steam/steamapps/compatdata/3371625244/pfx/dosdevices/c:/windows/temp/feb2010_xact_x86.cab: WARNING; possible 5960 extra bytes at end of file.
Executing cabextract -q -d /var/home/puppy/.local/share/Steam/steamapps/compatdata/3371625244/pfx/dosdevices/c:/windows/syswow64 -L -F x3daudio*.dll /var/home/puppy/.local/share/Steam/steamapps/compatdata/3371625244/pfx/dosdevices/c:/windows/temp/feb2010_xact_x86.cab
/var/home/puppy/.local/share/Steam/steamapps/compatdata/3371625244/pfx/dosdevices/c:/windows/temp/feb2010_xact_x86.cab: WARNING; possible 5960 extra bytes at end of file.
Executing cabextract -q -d /var/home/puppy/.local/share/Steam/steamapps/compatdata/3371625244/pfx/dosdevices/c:/windows/syswow64 -L -F xapofx*.dll /var/home/puppy/.local/share/Steam/steamapps/compatdata/3371625244/pfx/dosdevices/c:/windows/temp/feb2010_xact_x86.cab
/var/home/puppy/.local/share/Steam/steamapps/compatdata/3371625244/pfx/dosdevices/c:/windows/temp/feb2010_xact_x86.cab: WARNING; possible 5960 extra bytes at end of file.
Executing cabextract -q -d /var/home/puppy/.local/share/Steam/steamapps/compatdata/3371625244/pfx/dosdevices/c:/windows/syswow64 -L -F xactengine*.dll /var/home/puppy/.local/share/Steam/steamapps/compatdata/3371625244/pfx/dosdevices/c:/windows/temp/feb2010_xaudio_x86.cab
/var/home/puppy/.local/share/Steam/steamapps/compatdata/3371625244/pfx/dosdevices/c:/windows/temp/feb2010_xaudio_x86.cab: WARNING; possible 5960 extra bytes at end of file.
Executing cabextract -q -d /var/home/puppy/.local/share/Steam/steamapps/compatdata/3371625244/pfx/dosdevices/c:/windows/syswow64 -L -F xaudio*.dll /var/home/puppy/.local/share/Steam/steamapps/compatdata/3371625244/pfx/dosdevices/c:/windows/temp/feb2010_xaudio_x86.cab
/var/home/puppy/.local/share/Steam/steamapps/compatdata/3371625244/pfx/dosdevices/c:/windows/temp/feb2010_xaudio_x86.cab: WARNING; possible 5960 extra bytes at end of file.
Executing cabextract -q -d /var/home/puppy/.local/share/Steam/steamapps/compatdata/3371625244/pfx/dosdevices/c:/windows/syswow64 -L -F x3daudio*.dll /var/home/puppy/.local/share/Steam/steamapps/compatdata/3371625244/pfx/dosdevices/c:/windows/temp/feb2010_xaudio_x86.cab
/var/home/puppy/.local/share/Steam/steamapps/compatdata/3371625244/pfx/dosdevices/c:/windows/temp/feb2010_xaudio_x86.cab: WARNING; possible 5960 extra bytes at end of file.
Executing cabextract -q -d /var/home/puppy/.local/share/Steam/steamapps/compatdata/3371625244/pfx/dosdevices/c:/windows/syswow64 -L -F xapofx*.dll /var/home/puppy/.local/share/Steam/steamapps/compatdata/3371625244/pfx/dosdevices/c:/windows/temp/feb2010_xaudio_x86.cab
/var/home/puppy/.local/share/Steam/steamapps/compatdata/3371625244/pfx/dosdevices/c:/windows/temp/feb2010_xaudio_x86.cab: WARNING; possible 5960 extra bytes at end of file.
Executing cabextract -q -d /var/home/puppy/.local/share/Steam/steamapps/compatdata/3371625244/pfx/dosdevices/c:/windows/syswow64 -L -F xactengine*.dll /var/home/puppy/.local/share/Steam/steamapps/compatdata/3371625244/pfx/dosdevices/c:/windows/temp/jun2006_xact_x86.cab
/var/home/puppy/.local/share/Steam/steamapps/compatdata/3371625244/pfx/dosdevices/c:/windows/temp/jun2006_xact_x86.cab: WARNING; possible 5960 extra bytes at end of file.
Executing cabextract -q -d /var/home/puppy/.local/share/Steam/steamapps/compatdata/3371625244/pfx/dosdevices/c:/windows/syswow64 -L -F xaudio*.dll /var/home/puppy/.local/share/Steam/steamapps/compatdata/3371625244/pfx/dosdevices/c:/windows/temp/jun2006_xact_x86.cab
/var/home/puppy/.local/share/Steam/steamapps/compatdata/3371625244/pfx/dosdevices/c:/windows/temp/jun2006_xact_x86.cab: WARNING; possible 5960 extra bytes at end of file.
Executing cabextract -q -d /var/home/puppy/.local/share/Steam/steamapps/compatdata/3371625244/pfx/dosdevices/c:/windows/syswow64 -L -F x3daudio*.dll /var/home/puppy/.local/share/Steam/steamapps/compatdata/3371625244/pfx/dosdevices/c:/windows/temp/jun2006_xact_x86.cab
/var/home/puppy/.local/share/Steam/steamapps/compatdata/3371625244/pfx/dosdevices/c:/windows/temp/jun2006_xact_x86.cab: WARNING; possible 5960 extra bytes at end of file.
Executing cabextract -q -d /var/home/puppy/.local/share/Steam/steamapps/compatdata/3371625244/pfx/dosdevices/c:/windows/syswow64 -L -F xapofx*.dll /var/home/puppy/.local/share/Steam/steamapps/compatdata/3371625244/pfx/dosdevices/c:/windows/temp/jun2006_xact_x86.cab
/var/home/puppy/.local/share/Steam/steamapps/compatdata/3371625244/pfx/dosdevices/c:/windows/temp/jun2006_xact_x86.cab: WARNING; possible 5960 extra bytes at end of file.
Executing cabextract -q -d /var/home/puppy/.local/share/Steam/steamapps/compatdata/3371625244/pfx/dosdevices/c:/windows/syswow64 -L -F xactengine*.dll /var/home/puppy/.local/share/Steam/steamapps/compatdata/3371625244/pfx/dosdevices/c:/windows/temp/jun2007_xact_x86.cab
/var/home/puppy/.local/share/Steam/steamapps/compatdata/3371625244/pfx/dosdevices/c:/windows/temp/jun2007_xact_x86.cab: WARNING; possible 5960 extra bytes at end of file.
Executing cabextract -q -d /var/home/puppy/.local/share/Steam/steamapps/compatdata/3371625244/pfx/dosdevices/c:/windows/syswow64 -L -F xaudio*.dll /var/home/puppy/.local/share/Steam/steamapps/compatdata/3371625244/pfx/dosdevices/c:/windows/temp/jun2007_xact_x86.cab
/var/home/puppy/.local/share/Steam/steamapps/compatdata/3371625244/pfx/dosdevices/c:/windows/temp/jun2007_xact_x86.cab: WARNING; possible 5960 extra bytes at end of file.
Executing cabextract -q -d /var/home/puppy/.local/share/Steam/steamapps/compatdata/3371625244/pfx/dosdevices/c:/windows/syswow64 -L -F x3daudio*.dll /var/home/puppy/.local/share/Steam/steamapps/compatdata/3371625244/pfx/dosdevices/c:/windows/temp/jun2007_xact_x86.cab
/var/home/puppy/.local/share/Steam/steamapps/compatdata/3371625244/pfx/dosdevices/c:/windows/temp/jun2007_xact_x86.cab: WARNING; possible 5960 extra bytes at end of file.
Executing cabextract -q -d /var/home/puppy/.local/share/Steam/steamapps/compatdata/3371625244/pfx/dosdevices/c:/windows/syswow64 -L -F xapofx*.dll /var/home/puppy/.local/share/Steam/steamapps/compatdata/3371625244/pfx/dosdevices/c:/windows/temp/jun2007_xact_x86.cab
/var/home/puppy/.local/share/Steam/steamapps/compatdata/3371625244/pfx/dosdevices/c:/windows/temp/jun2007_xact_x86.cab: WARNING; possible 5960 extra bytes at end of file.
Executing cabextract -q -d /var/home/puppy/.local/share/Steam/steamapps/compatdata/3371625244/pfx/dosdevices/c:/windows/syswow64 -L -F xactengine*.dll /var/home/puppy/.local/share/Steam/steamapps/compatdata/3371625244/pfx/dosdevices/c:/windows/temp/jun2008_x3daudio_x86.cab
/var/home/puppy/.local/share/Steam/steamapps/compatdata/3371625244/pfx/dosdevices/c:/windows/temp/jun2008_x3daudio_x86.cab: WARNING; possible 5960 extra bytes at end of file.
Executing cabextract -q -d /var/home/puppy/.local/share/Steam/steamapps/compatdata/3371625244/pfx/dosdevices/c:/windows/syswow64 -L -F xaudio*.dll /var/home/puppy/.local/share/Steam/steamapps/compatdata/3371625244/pfx/dosdevices/c:/windows/temp/jun2008_x3daudio_x86.cab
/var/home/puppy/.local/share/Steam/steamapps/compatdata/3371625244/pfx/dosdevices/c:/windows/temp/jun2008_x3daudio_x86.cab: WARNING; possible 5960 extra bytes at end of file.
Executing cabextract -q -d /var/home/puppy/.local/share/Steam/steamapps/compatdata/3371625244/pfx/dosdevices/c:/windows/syswow64 -L -F x3daudio*.dll /var/home/puppy/.local/share/Steam/steamapps/compatdata/3371625244/pfx/dosdevices/c:/windows/temp/jun2008_x3daudio_x86.cab
/var/home/puppy/.local/share/Steam/steamapps/compatdata/3371625244/pfx/dosdevices/c:/windows/temp/jun2008_x3daudio_x86.cab: WARNING; possible 5960 extra bytes at end of file.
Executing cabextract -q -d /var/home/puppy/.local/share/Steam/steamapps/compatdata/3371625244/pfx/dosdevices/c:/windows/syswow64 -L -F xapofx*.dll /var/home/puppy/.local/share/Steam/steamapps/compatdata/3371625244/pfx/dosdevices/c:/windows/temp/jun2008_x3daudio_x86.cab
/var/home/puppy/.local/share/Steam/steamapps/compatdata/3371625244/pfx/dosdevices/c:/windows/temp/jun2008_x3daudio_x86.cab: WARNING; possible 5960 extra bytes at end of file.
Executing cabextract -q -d /var/home/puppy/.local/share/Steam/steamapps/compatdata/3371625244/pfx/dosdevices/c:/windows/syswow64 -L -F xactengine*.dll /var/home/puppy/.local/share/Steam/steamapps/compatdata/3371625244/pfx/dosdevices/c:/windows/temp/jun2008_xact_x86.cab
/var/home/puppy/.local/share/Steam/steamapps/compatdata/3371625244/pfx/dosdevices/c:/windows/temp/jun2008_xact_x86.cab: WARNING; possible 5960 extra bytes at end of file.
Executing cabextract -q -d /var/home/puppy/.local/share/Steam/steamapps/compatdata/3371625244/pfx/dosdevices/c:/windows/syswow64 -L -F xaudio*.dll /var/home/puppy/.local/share/Steam/steamapps/compatdata/3371625244/pfx/dosdevices/c:/windows/temp/jun2008_xact_x86.cab
/var/home/puppy/.local/share/Steam/steamapps/compatdata/3371625244/pfx/dosdevices/c:/windows/temp/jun2008_xact_x86.cab: WARNING; possible 5960 extra bytes at end of file.
Executing cabextract -q -d /var/home/puppy/.local/share/Steam/steamapps/compatdata/3371625244/pfx/dosdevices/c:/windows/syswow64 -L -F x3daudio*.dll /var/home/puppy/.local/share/Steam/steamapps/compatdata/3371625244/pfx/dosdevices/c:/windows/temp/jun2008_xact_x86.cab
/var/home/puppy/.local/share/Steam/steamapps/compatdata/3371625244/pfx/dosdevices/c:/windows/temp/jun2008_xact_x86.cab: WARNING; possible 5960 extra bytes at end of file.
Executing cabextract -q -d /var/home/puppy/.local/share/Steam/steamapps/compatdata/3371625244/pfx/dosdevices/c:/windows/syswow64 -L -F xapofx*.dll /var/home/puppy/.local/share/Steam/steamapps/compatdata/3371625244/pfx/dosdevices/c:/windows/temp/jun2008_xact_x86.cab
/var/home/puppy/.local/share/Steam/steamapps/compatdata/3371625244/pfx/dosdevices/c:/windows/temp/jun2008_xact_x86.cab: WARNING; possible 5960 extra bytes at end of file.
Executing cabextract -q -d /var/home/puppy/.local/share/Steam/steamapps/compatdata/3371625244/pfx/dosdevices/c:/windows/syswow64 -L -F xactengine*.dll /var/home/puppy/.local/share/Steam/steamapps/compatdata/3371625244/pfx/dosdevices/c:/windows/temp/jun2008_xaudio_x86.cab
/var/home/puppy/.local/share/Steam/steamapps/compatdata/3371625244/pfx/dosdevices/c:/windows/temp/jun2008_xaudio_x86.cab: WARNING; possible 5960 extra bytes at end of file.
Executing cabextract -q -d /var/home/puppy/.local/share/Steam/steamapps/compatdata/3371625244/pfx/dosdevices/c:/windows/syswow64 -L -F xaudio*.dll /var/home/puppy/.local/share/Steam/steamapps/compatdata/3371625244/pfx/dosdevices/c:/windows/temp/jun2008_xaudio_x86.cab
/var/home/puppy/.local/share/Steam/steamapps/compatdata/3371625244/pfx/dosdevices/c:/windows/temp/jun2008_xaudio_x86.cab: WARNING; possible 5960 extra bytes at end of file.
Executing cabextract -q -d /var/home/puppy/.local/share/Steam/steamapps/compatdata/3371625244/pfx/dosdevices/c:/windows/syswow64 -L -F x3daudio*.dll /var/home/puppy/.local/share/Steam/steamapps/compatdata/3371625244/pfx/dosdevices/c:/windows/temp/jun2008_xaudio_x86.cab
/var/home/puppy/.local/share/Steam/steamapps/compatdata/3371625244/pfx/dosdevices/c:/windows/temp/jun2008_xaudio_x86.cab: WARNING; possible 5960 extra bytes at end of file.
Executing cabextract -q -d /var/home/puppy/.local/share/Steam/steamapps/compatdata/3371625244/pfx/dosdevices/c:/windows/syswow64 -L -F xapofx*.dll /var/home/puppy/.local/share/Steam/steamapps/compatdata/3371625244/pfx/dosdevices/c:/windows/temp/jun2008_xaudio_x86.cab
/var/home/puppy/.local/share/Steam/steamapps/compatdata/3371625244/pfx/dosdevices/c:/windows/temp/jun2008_xaudio_x86.cab: WARNING; possible 5960 extra bytes at end of file.
Executing cabextract -q -d /var/home/puppy/.local/share/Steam/steamapps/compatdata/3371625244/pfx/dosdevices/c:/windows/syswow64 -L -F xactengine*.dll /var/home/puppy/.local/share/Steam/steamapps/compatdata/3371625244/pfx/dosdevices/c:/windows/temp/jun2010_xact_x86.cab
/var/home/puppy/.local/share/Steam/steamapps/compatdata/3371625244/pfx/dosdevices/c:/windows/temp/jun2010_xact_x86.cab: WARNING; possible 5960 extra bytes at end of file.
Executing cabextract -q -d /var/home/puppy/.local/share/Steam/steamapps/compatdata/3371625244/pfx/dosdevices/c:/windows/syswow64 -L -F xaudio*.dll /var/home/puppy/.local/share/Steam/steamapps/compatdata/3371625244/pfx/dosdevices/c:/windows/temp/jun2010_xact_x86.cab
/var/home/puppy/.local/share/Steam/steamapps/compatdata/3371625244/pfx/dosdevices/c:/windows/temp/jun2010_xact_x86.cab: WARNING; possible 5960 extra bytes at end of file.
Executing cabextract -q -d /var/home/puppy/.local/share/Steam/steamapps/compatdata/3371625244/pfx/dosdevices/c:/windows/syswow64 -L -F x3daudio*.dll /var/home/puppy/.local/share/Steam/steamapps/compatdata/3371625244/pfx/dosdevices/c:/windows/temp/jun2010_xact_x86.cab
/var/home/puppy/.local/share/Steam/steamapps/compatdata/3371625244/pfx/dosdevices/c:/windows/temp/jun2010_xact_x86.cab: WARNING; possible 5960 extra bytes at end of file.
Executing cabextract -q -d /var/home/puppy/.local/share/Steam/steamapps/compatdata/3371625244/pfx/dosdevices/c:/windows/syswow64 -L -F xapofx*.dll /var/home/puppy/.local/share/Steam/steamapps/compatdata/3371625244/pfx/dosdevices/c:/windows/temp/jun2010_xact_x86.cab
/var/home/puppy/.local/share/Steam/steamapps/compatdata/3371625244/pfx/dosdevices/c:/windows/temp/jun2010_xact_x86.cab: WARNING; possible 5960 extra bytes at end of file.
Executing cabextract -q -d /var/home/puppy/.local/share/Steam/steamapps/compatdata/3371625244/pfx/dosdevices/c:/windows/syswow64 -L -F xactengine*.dll /var/home/puppy/.local/share/Steam/steamapps/compatdata/3371625244/pfx/dosdevices/c:/windows/temp/jun2010_xaudio_x86.cab
/var/home/puppy/.local/share/Steam/steamapps/compatdata/3371625244/pfx/dosdevices/c:/windows/temp/jun2010_xaudio_x86.cab: WARNING; possible 5960 extra bytes at end of file.
Executing cabextract -q -d /var/home/puppy/.local/share/Steam/steamapps/compatdata/3371625244/pfx/dosdevices/c:/windows/syswow64 -L -F xaudio*.dll /var/home/puppy/.local/share/Steam/steamapps/compatdata/3371625244/pfx/dosdevices/c:/windows/temp/jun2010_xaudio_x86.cab
/var/home/puppy/.local/share/Steam/steamapps/compatdata/3371625244/pfx/dosdevices/c:/windows/temp/jun2010_xaudio_x86.cab: WARNING; possible 5960 extra bytes at end of file.
Executing cabextract -q -d /var/home/puppy/.local/share/Steam/steamapps/compatdata/3371625244/pfx/dosdevices/c:/windows/syswow64 -L -F x3daudio*.dll /var/home/puppy/.local/share/Steam/steamapps/compatdata/3371625244/pfx/dosdevices/c:/windows/temp/jun2010_xaudio_x86.cab
/var/home/puppy/.local/share/Steam/steamapps/compatdata/3371625244/pfx/dosdevices/c:/windows/temp/jun2010_xaudio_x86.cab: WARNING; possible 5960 extra bytes at end of file.
Executing cabextract -q -d /var/home/puppy/.local/share/Steam/steamapps/compatdata/3371625244/pfx/dosdevices/c:/windows/syswow64 -L -F xapofx*.dll /var/home/puppy/.local/share/Steam/steamapps/compatdata/3371625244/pfx/dosdevices/c:/windows/temp/jun2010_xaudio_x86.cab
/var/home/puppy/.local/share/Steam/steamapps/compatdata/3371625244/pfx/dosdevices/c:/windows/temp/jun2010_xaudio_x86.cab: WARNING; possible 5960 extra bytes at end of file.
Executing cabextract -q -d /var/home/puppy/.local/share/Steam/steamapps/compatdata/3371625244/pfx/dosdevices/c:/windows/syswow64 -L -F xactengine*.dll /var/home/puppy/.local/share/Steam/steamapps/compatdata/3371625244/pfx/dosdevices/c:/windows/temp/mar2008_x3daudio_x86.cab
/var/home/puppy/.local/share/Steam/steamapps/compatdata/3371625244/pfx/dosdevices/c:/windows/temp/mar2008_x3daudio_x86.cab: WARNING; possible 5960 extra bytes at end of file.
Executing cabextract -q -d /var/home/puppy/.local/share/Steam/steamapps/compatdata/3371625244/pfx/dosdevices/c:/windows/syswow64 -L -F xaudio*.dll /var/home/puppy/.local/share/Steam/steamapps/compatdata/3371625244/pfx/dosdevices/c:/windows/temp/mar2008_x3daudio_x86.cab
/var/home/puppy/.local/share/Steam/steamapps/compatdata/3371625244/pfx/dosdevices/c:/windows/temp/mar2008_x3daudio_x86.cab: WARNING; possible 5960 extra bytes at end of file.
Executing cabextract -q -d /var/home/puppy/.local/share/Steam/steamapps/compatdata/3371625244/pfx/dosdevices/c:/windows/syswow64 -L -F x3daudio*.dll /var/home/puppy/.local/share/Steam/steamapps/compatdata/3371625244/pfx/dosdevices/c:/windows/temp/mar2008_x3daudio_x86.cab
/var/home/puppy/.local/share/Steam/steamapps/compatdata/3371625244/pfx/dosdevices/c:/windows/temp/mar2008_x3daudio_x86.cab: WARNING; possible 5960 extra bytes at end of file.
Executing cabextract -q -d /var/home/puppy/.local/share/Steam/steamapps/compatdata/3371625244/pfx/dosdevices/c:/windows/syswow64 -L -F xapofx*.dll /var/home/puppy/.local/share/Steam/steamapps/compatdata/3371625244/pfx/dosdevices/c:/windows/temp/mar2008_x3daudio_x86.cab
/var/home/puppy/.local/share/Steam/steamapps/compatdata/3371625244/pfx/dosdevices/c:/windows/temp/mar2008_x3daudio_x86.cab: WARNING; possible 5960 extra bytes at end of file.
Executing cabextract -q -d /var/home/puppy/.local/share/Steam/steamapps/compatdata/3371625244/pfx/dosdevices/c:/windows/syswow64 -L -F xactengine*.dll /var/home/puppy/.local/share/Steam/steamapps/compatdata/3371625244/pfx/dosdevices/c:/windows/temp/mar2008_xact_x86.cab
/var/home/puppy/.local/share/Steam/steamapps/compatdata/3371625244/pfx/dosdevices/c:/windows/temp/mar2008_xact_x86.cab: WARNING; possible 5960 extra bytes at end of file.
Executing cabextract -q -d /var/home/puppy/.local/share/Steam/steamapps/compatdata/3371625244/pfx/dosdevices/c:/windows/syswow64 -L -F xaudio*.dll /var/home/puppy/.local/share/Steam/steamapps/compatdata/3371625244/pfx/dosdevices/c:/windows/temp/mar2008_xact_x86.cab
/var/home/puppy/.local/share/Steam/steamapps/compatdata/3371625244/pfx/dosdevices/c:/windows/temp/mar2008_xact_x86.cab: WARNING; possible 5960 extra bytes at end of file.
Executing cabextract -q -d /var/home/puppy/.local/share/Steam/steamapps/compatdata/3371625244/pfx/dosdevices/c:/windows/syswow64 -L -F x3daudio*.dll /var/home/puppy/.local/share/Steam/steamapps/compatdata/3371625244/pfx/dosdevices/c:/windows/temp/mar2008_xact_x86.cab
/var/home/puppy/.local/share/Steam/steamapps/compatdata/3371625244/pfx/dosdevices/c:/windows/temp/mar2008_xact_x86.cab: WARNING; possible 5960 extra bytes at end of file.
Executing cabextract -q -d /var/home/puppy/.local/share/Steam/steamapps/compatdata/3371625244/pfx/dosdevices/c:/windows/syswow64 -L -F xapofx*.dll /var/home/puppy/.local/share/Steam/steamapps/compatdata/3371625244/pfx/dosdevices/c:/windows/temp/mar2008_xact_x86.cab
/var/home/puppy/.local/share/Steam/steamapps/compatdata/3371625244/pfx/dosdevices/c:/windows/temp/mar2008_xact_x86.cab: WARNING; possible 5960 extra bytes at end of file.
Executing cabextract -q -d /var/home/puppy/.local/share/Steam/steamapps/compatdata/3371625244/pfx/dosdevices/c:/windows/syswow64 -L -F xactengine*.dll /var/home/puppy/.local/share/Steam/steamapps/compatdata/3371625244/pfx/dosdevices/c:/windows/temp/mar2008_xaudio_x86.cab
/var/home/puppy/.local/share/Steam/steamapps/compatdata/3371625244/pfx/dosdevices/c:/windows/temp/mar2008_xaudio_x86.cab: WARNING; possible 5960 extra bytes at end of file.
Executing cabextract -q -d /var/home/puppy/.local/share/Steam/steamapps/compatdata/3371625244/pfx/dosdevices/c:/windows/syswow64 -L -F xaudio*.dll /var/home/puppy/.local/share/Steam/steamapps/compatdata/3371625244/pfx/dosdevices/c:/windows/temp/mar2008_xaudio_x86.cab
/var/home/puppy/.local/share/Steam/steamapps/compatdata/3371625244/pfx/dosdevices/c:/windows/temp/mar2008_xaudio_x86.cab: WARNING; possible 5960 extra bytes at end of file.
Executing cabextract -q -d /var/home/puppy/.local/share/Steam/steamapps/compatdata/3371625244/pfx/dosdevices/c:/windows/syswow64 -L -F x3daudio*.dll /var/home/puppy/.local/share/Steam/steamapps/compatdata/3371625244/pfx/dosdevices/c:/windows/temp/mar2008_xaudio_x86.cab
/var/home/puppy/.local/share/Steam/steamapps/compatdata/3371625244/pfx/dosdevices/c:/windows/temp/mar2008_xaudio_x86.cab: WARNING; possible 5960 extra bytes at end of file.
Executing cabextract -q -d /var/home/puppy/.local/share/Steam/steamapps/compatdata/3371625244/pfx/dosdevices/c:/windows/syswow64 -L -F xapofx*.dll /var/home/puppy/.local/share/Steam/steamapps/compatdata/3371625244/pfx/dosdevices/c:/windows/temp/mar2008_xaudio_x86.cab
/var/home/puppy/.local/share/Steam/steamapps/compatdata/3371625244/pfx/dosdevices/c:/windows/temp/mar2008_xaudio_x86.cab: WARNING; possible 5960 extra bytes at end of file.
Executing cabextract -q -d /var/home/puppy/.local/share/Steam/steamapps/compatdata/3371625244/pfx/dosdevices/c:/windows/syswow64 -L -F xactengine*.dll /var/home/puppy/.local/share/Steam/steamapps/compatdata/3371625244/pfx/dosdevices/c:/windows/temp/mar2009_x3daudio_x86.cab
/var/home/puppy/.local/share/Steam/steamapps/compatdata/3371625244/pfx/dosdevices/c:/windows/temp/mar2009_x3daudio_x86.cab: WARNING; possible 5960 extra bytes at end of file.
Executing cabextract -q -d /var/home/puppy/.local/share/Steam/steamapps/compatdata/3371625244/pfx/dosdevices/c:/windows/syswow64 -L -F xaudio*.dll /var/home/puppy/.local/share/Steam/steamapps/compatdata/3371625244/pfx/dosdevices/c:/windows/temp/mar2009_x3daudio_x86.cab
/var/home/puppy/.local/share/Steam/steamapps/compatdata/3371625244/pfx/dosdevices/c:/windows/temp/mar2009_x3daudio_x86.cab: WARNING; possible 5960 extra bytes at end of file.
Executing cabextract -q -d /var/home/puppy/.local/share/Steam/steamapps/compatdata/3371625244/pfx/dosdevices/c:/windows/syswow64 -L -F x3daudio*.dll /var/home/puppy/.local/share/Steam/steamapps/compatdata/3371625244/pfx/dosdevices/c:/windows/temp/mar2009_x3daudio_x86.cab
/var/home/puppy/.local/share/Steam/steamapps/compatdata/3371625244/pfx/dosdevices/c:/windows/temp/mar2009_x3daudio_x86.cab: WARNING; possible 5960 extra bytes at end of file.
Executing cabextract -q -d /var/home/puppy/.local/share/Steam/steamapps/compatdata/3371625244/pfx/dosdevices/c:/windows/syswow64 -L -F xapofx*.dll /var/home/puppy/.local/share/Steam/steamapps/compatdata/3371625244/pfx/dosdevices/c:/windows/temp/mar2009_x3daudio_x86.cab
/var/home/puppy/.local/share/Steam/steamapps/compatdata/3371625244/pfx/dosdevices/c:/windows/temp/mar2009_x3daudio_x86.cab: WARNING; possible 5960 extra bytes at end of file.
Executing cabextract -q -d /var/home/puppy/.local/share/Steam/steamapps/compatdata/3371625244/pfx/dosdevices/c:/windows/syswow64 -L -F xactengine*.dll /var/home/puppy/.local/share/Steam/steamapps/compatdata/3371625244/pfx/dosdevices/c:/windows/temp/mar2009_xact_x86.cab
/var/home/puppy/.local/share/Steam/steamapps/compatdata/3371625244/pfx/dosdevices/c:/windows/temp/mar2009_xact_x86.cab: WARNING; possible 5960 extra bytes at end of file.
Executing cabextract -q -d /var/home/puppy/.local/share/Steam/steamapps/compatdata/3371625244/pfx/dosdevices/c:/windows/syswow64 -L -F xaudio*.dll /var/home/puppy/.local/share/Steam/steamapps/compatdata/3371625244/pfx/dosdevices/c:/windows/temp/mar2009_xact_x86.cab
/var/home/puppy/.local/share/Steam/steamapps/compatdata/3371625244/pfx/dosdevices/c:/windows/temp/mar2009_xact_x86.cab: WARNING; possible 5960 extra bytes at end of file.
Executing cabextract -q -d /var/home/puppy/.local/share/Steam/steamapps/compatdata/3371625244/pfx/dosdevices/c:/windows/syswow64 -L -F x3daudio*.dll /var/home/puppy/.local/share/Steam/steamapps/compatdata/3371625244/pfx/dosdevices/c:/windows/temp/mar2009_xact_x86.cab
/var/home/puppy/.local/share/Steam/steamapps/compatdata/3371625244/pfx/dosdevices/c:/windows/temp/mar2009_xact_x86.cab: WARNING; possible 5960 extra bytes at end of file.
Executing cabextract -q -d /var/home/puppy/.local/share/Steam/steamapps/compatdata/3371625244/pfx/dosdevices/c:/windows/syswow64 -L -F xapofx*.dll /var/home/puppy/.local/share/Steam/steamapps/compatdata/3371625244/pfx/dosdevices/c:/windows/temp/mar2009_xact_x86.cab
/var/home/puppy/.local/share/Steam/steamapps/compatdata/3371625244/pfx/dosdevices/c:/windows/temp/mar2009_xact_x86.cab: WARNING; possible 5960 extra bytes at end of file.
Executing cabextract -q -d /var/home/puppy/.local/share/Steam/steamapps/compatdata/3371625244/pfx/dosdevices/c:/windows/syswow64 -L -F xactengine*.dll /var/home/puppy/.local/share/Steam/steamapps/compatdata/3371625244/pfx/dosdevices/c:/windows/temp/mar2009_xaudio_x86.cab
/var/home/puppy/.local/share/Steam/steamapps/compatdata/3371625244/pfx/dosdevices/c:/windows/temp/mar2009_xaudio_x86.cab: WARNING; possible 5960 extra bytes at end of file.
Executing cabextract -q -d /var/home/puppy/.local/share/Steam/steamapps/compatdata/3371625244/pfx/dosdevices/c:/windows/syswow64 -L -F xaudio*.dll /var/home/puppy/.local/share/Steam/steamapps/compatdata/3371625244/pfx/dosdevices/c:/windows/temp/mar2009_xaudio_x86.cab
/var/home/puppy/.local/share/Steam/steamapps/compatdata/3371625244/pfx/dosdevices/c:/windows/temp/mar2009_xaudio_x86.cab: WARNING; possible 5960 extra bytes at end of file.
Executing cabextract -q -d /var/home/puppy/.local/share/Steam/steamapps/compatdata/3371625244/pfx/dosdevices/c:/windows/syswow64 -L -F x3daudio*.dll /var/home/puppy/.local/share/Steam/steamapps/compatdata/3371625244/pfx/dosdevices/c:/windows/temp/mar2009_xaudio_x86.cab
/var/home/puppy/.local/share/Steam/steamapps/compatdata/3371625244/pfx/dosdevices/c:/windows/temp/mar2009_xaudio_x86.cab: WARNING; possible 5960 extra bytes at end of file.
Executing cabextract -q -d /var/home/puppy/.local/share/Steam/steamapps/compatdata/3371625244/pfx/dosdevices/c:/windows/syswow64 -L -F xapofx*.dll /var/home/puppy/.local/share/Steam/steamapps/compatdata/3371625244/pfx/dosdevices/c:/windows/temp/mar2009_xaudio_x86.cab
/var/home/puppy/.local/share/Steam/steamapps/compatdata/3371625244/pfx/dosdevices/c:/windows/temp/mar2009_xaudio_x86.cab: WARNING; possible 5960 extra bytes at end of file.
Executing cabextract -q -d /var/home/puppy/.local/share/Steam/steamapps/compatdata/3371625244/pfx/dosdevices/c:/windows/syswow64 -L -F xactengine*.dll /var/home/puppy/.local/share/Steam/steamapps/compatdata/3371625244/pfx/dosdevices/c:/windows/temp/nov2007_x3daudio_x86.cab
/var/home/puppy/.local/share/Steam/steamapps/compatdata/3371625244/pfx/dosdevices/c:/windows/temp/nov2007_x3daudio_x86.cab: WARNING; possible 5960 extra bytes at end of file.
Executing cabextract -q -d /var/home/puppy/.local/share/Steam/steamapps/compatdata/3371625244/pfx/dosdevices/c:/windows/syswow64 -L -F xaudio*.dll /var/home/puppy/.local/share/Steam/steamapps/compatdata/3371625244/pfx/dosdevices/c:/windows/temp/nov2007_x3daudio_x86.cab
/var/home/puppy/.local/share/Steam/steamapps/compatdata/3371625244/pfx/dosdevices/c:/windows/temp/nov2007_x3daudio_x86.cab: WARNING; possible 5960 extra bytes at end of file.
Executing cabextract -q -d /var/home/puppy/.local/share/Steam/steamapps/compatdata/3371625244/pfx/dosdevices/c:/windows/syswow64 -L -F x3daudio*.dll /var/home/puppy/.local/share/Steam/steamapps/compatdata/3371625244/pfx/dosdevices/c:/windows/temp/nov2007_x3daudio_x86.cab
/var/home/puppy/.local/share/Steam/steamapps/compatdata/3371625244/pfx/dosdevices/c:/windows/temp/nov2007_x3daudio_x86.cab: WARNING; possible 5960 extra bytes at end of file.
Executing cabextract -q -d /var/home/puppy/.local/share/Steam/steamapps/compatdata/3371625244/pfx/dosdevices/c:/windows/syswow64 -L -F xapofx*.dll /var/home/puppy/.local/share/Steam/steamapps/compatdata/3371625244/pfx/dosdevices/c:/windows/temp/nov2007_x3daudio_x86.cab
/var/home/puppy/.local/share/Steam/steamapps/compatdata/3371625244/pfx/dosdevices/c:/windows/temp/nov2007_x3daudio_x86.cab: WARNING; possible 5960 extra bytes at end of file.
Executing cabextract -q -d /var/home/puppy/.local/share/Steam/steamapps/compatdata/3371625244/pfx/dosdevices/c:/windows/syswow64 -L -F xactengine*.dll /var/home/puppy/.local/share/Steam/steamapps/compatdata/3371625244/pfx/dosdevices/c:/windows/temp/nov2007_xact_x86.cab
/var/home/puppy/.local/share/Steam/steamapps/compatdata/3371625244/pfx/dosdevices/c:/windows/temp/nov2007_xact_x86.cab: WARNING; possible 5960 extra bytes at end of file.
Executing cabextract -q -d /var/home/puppy/.local/share/Steam/steamapps/compatdata/3371625244/pfx/dosdevices/c:/windows/syswow64 -L -F xaudio*.dll /var/home/puppy/.local/share/Steam/steamapps/compatdata/3371625244/pfx/dosdevices/c:/windows/temp/nov2007_xact_x86.cab
/var/home/puppy/.local/share/Steam/steamapps/compatdata/3371625244/pfx/dosdevices/c:/windows/temp/nov2007_xact_x86.cab: WARNING; possible 5960 extra bytes at end of file.
Executing cabextract -q -d /var/home/puppy/.local/share/Steam/steamapps/compatdata/3371625244/pfx/dosdevices/c:/windows/syswow64 -L -F x3daudio*.dll /var/home/puppy/.local/share/Steam/steamapps/compatdata/3371625244/pfx/dosdevices/c:/windows/temp/nov2007_xact_x86.cab
/var/home/puppy/.local/share/Steam/steamapps/compatdata/3371625244/pfx/dosdevices/c:/windows/temp/nov2007_xact_x86.cab: WARNING; possible 5960 extra bytes at end of file.
Executing cabextract -q -d /var/home/puppy/.local/share/Steam/steamapps/compatdata/3371625244/pfx/dosdevices/c:/windows/syswow64 -L -F xapofx*.dll /var/home/puppy/.local/share/Steam/steamapps/compatdata/3371625244/pfx/dosdevices/c:/windows/temp/nov2007_xact_x86.cab
/var/home/puppy/.local/share/Steam/steamapps/compatdata/3371625244/pfx/dosdevices/c:/windows/temp/nov2007_xact_x86.cab: WARNING; possible 5960 extra bytes at end of file.
Executing cabextract -q -d /var/home/puppy/.local/share/Steam/steamapps/compatdata/3371625244/pfx/dosdevices/c:/windows/syswow64 -L -F xactengine*.dll /var/home/puppy/.local/share/Steam/steamapps/compatdata/3371625244/pfx/dosdevices/c:/windows/temp/nov2008_x3daudio_x86.cab
/var/home/puppy/.local/share/Steam/steamapps/compatdata/3371625244/pfx/dosdevices/c:/windows/temp/nov2008_x3daudio_x86.cab: WARNING; possible 5960 extra bytes at end of file.
Executing cabextract -q -d /var/home/puppy/.local/share/Steam/steamapps/compatdata/3371625244/pfx/dosdevices/c:/windows/syswow64 -L -F xaudio*.dll /var/home/puppy/.local/share/Steam/steamapps/compatdata/3371625244/pfx/dosdevices/c:/windows/temp/nov2008_x3daudio_x86.cab
/var/home/puppy/.local/share/Steam/steamapps/compatdata/3371625244/pfx/dosdevices/c:/windows/temp/nov2008_x3daudio_x86.cab: WARNING; possible 5960 extra bytes at end of file.
Executing cabextract -q -d /var/home/puppy/.local/share/Steam/steamapps/compatdata/3371625244/pfx/dosdevices/c:/windows/syswow64 -L -F x3daudio*.dll /var/home/puppy/.local/share/Steam/steamapps/compatdata/3371625244/pfx/dosdevices/c:/windows/temp/nov2008_x3daudio_x86.cab
/var/home/puppy/.local/share/Steam/steamapps/compatdata/3371625244/pfx/dosdevices/c:/windows/temp/nov2008_x3daudio_x86.cab: WARNING; possible 5960 extra bytes at end of file.
Executing cabextract -q -d /var/home/puppy/.local/share/Steam/steamapps/compatdata/3371625244/pfx/dosdevices/c:/windows/syswow64 -L -F xapofx*.dll /var/home/puppy/.local/share/Steam/steamapps/compatdata/3371625244/pfx/dosdevices/c:/windows/temp/nov2008_x3daudio_x86.cab
/var/home/puppy/.local/share/Steam/steamapps/compatdata/3371625244/pfx/dosdevices/c:/windows/temp/nov2008_x3daudio_x86.cab: WARNING; possible 5960 extra bytes at end of file.
Executing cabextract -q -d /var/home/puppy/.local/share/Steam/steamapps/compatdata/3371625244/pfx/dosdevices/c:/windows/syswow64 -L -F xactengine*.dll /var/home/puppy/.local/share/Steam/steamapps/compatdata/3371625244/pfx/dosdevices/c:/windows/temp/nov2008_xact_x86.cab
/var/home/puppy/.local/share/Steam/steamapps/compatdata/3371625244/pfx/dosdevices/c:/windows/temp/nov2008_xact_x86.cab: WARNING; possible 5960 extra bytes at end of file.
Executing cabextract -q -d /var/home/puppy/.local/share/Steam/steamapps/compatdata/3371625244/pfx/dosdevices/c:/windows/syswow64 -L -F xaudio*.dll /var/home/puppy/.local/share/Steam/steamapps/compatdata/3371625244/pfx/dosdevices/c:/windows/temp/nov2008_xact_x86.cab
/var/home/puppy/.local/share/Steam/steamapps/compatdata/3371625244/pfx/dosdevices/c:/windows/temp/nov2008_xact_x86.cab: WARNING; possible 5960 extra bytes at end of file.
Executing cabextract -q -d /var/home/puppy/.local/share/Steam/steamapps/compatdata/3371625244/pfx/dosdevices/c:/windows/syswow64 -L -F x3daudio*.dll /var/home/puppy/.local/share/Steam/steamapps/compatdata/3371625244/pfx/dosdevices/c:/windows/temp/nov2008_xact_x86.cab
/var/home/puppy/.local/share/Steam/steamapps/compatdata/3371625244/pfx/dosdevices/c:/windows/temp/nov2008_xact_x86.cab: WARNING; possible 5960 extra bytes at end of file.
Executing cabextract -q -d /var/home/puppy/.local/share/Steam/steamapps/compatdata/3371625244/pfx/dosdevices/c:/windows/syswow64 -L -F xapofx*.dll /var/home/puppy/.local/share/Steam/steamapps/compatdata/3371625244/pfx/dosdevices/c:/windows/temp/nov2008_xact_x86.cab
/var/home/puppy/.local/share/Steam/steamapps/compatdata/3371625244/pfx/dosdevices/c:/windows/temp/nov2008_xact_x86.cab: WARNING; possible 5960 extra bytes at end of file.
Executing cabextract -q -d /var/home/puppy/.local/share/Steam/steamapps/compatdata/3371625244/pfx/dosdevices/c:/windows/syswow64 -L -F xactengine*.dll /var/home/puppy/.local/share/Steam/steamapps/compatdata/3371625244/pfx/dosdevices/c:/windows/temp/nov2008_xaudio_x86.cab
/var/home/puppy/.local/share/Steam/steamapps/compatdata/3371625244/pfx/dosdevices/c:/windows/temp/nov2008_xaudio_x86.cab: WARNING; possible 5960 extra bytes at end of file.
Executing cabextract -q -d /var/home/puppy/.local/share/Steam/steamapps/compatdata/3371625244/pfx/dosdevices/c:/windows/syswow64 -L -F xaudio*.dll /var/home/puppy/.local/share/Steam/steamapps/compatdata/3371625244/pfx/dosdevices/c:/windows/temp/nov2008_xaudio_x86.cab
/var/home/puppy/.local/share/Steam/steamapps/compatdata/3371625244/pfx/dosdevices/c:/windows/temp/nov2008_xaudio_x86.cab: WARNING; possible 5960 extra bytes at end of file.
Executing cabextract -q -d /var/home/puppy/.local/share/Steam/steamapps/compatdata/3371625244/pfx/dosdevices/c:/windows/syswow64 -L -F x3daudio*.dll /var/home/puppy/.local/share/Steam/steamapps/compatdata/3371625244/pfx/dosdevices/c:/windows/temp/nov2008_xaudio_x86.cab
/var/home/puppy/.local/share/Steam/steamapps/compatdata/3371625244/pfx/dosdevices/c:/windows/temp/nov2008_xaudio_x86.cab: WARNING; possible 5960 extra bytes at end of file.
Executing cabextract -q -d /var/home/puppy/.local/share/Steam/steamapps/compatdata/3371625244/pfx/dosdevices/c:/windows/syswow64 -L -F xapofx*.dll /var/home/puppy/.local/share/Steam/steamapps/compatdata/3371625244/pfx/dosdevices/c:/windows/temp/nov2008_xaudio_x86.cab
/var/home/puppy/.local/share/Steam/steamapps/compatdata/3371625244/pfx/dosdevices/c:/windows/temp/nov2008_xaudio_x86.cab: WARNING; possible 5960 extra bytes at end of file.
Executing cabextract -q -d /var/home/puppy/.local/share/Steam/steamapps/compatdata/3371625244/pfx/dosdevices/c:/windows/syswow64 -L -F xactengine*.dll /var/home/puppy/.local/share/Steam/steamapps/compatdata/3371625244/pfx/dosdevices/c:/windows/temp/oct2006_xact_x86.cab
/var/home/puppy/.local/share/Steam/steamapps/compatdata/3371625244/pfx/dosdevices/c:/windows/temp/oct2006_xact_x86.cab: WARNING; possible 5960 extra bytes at end of file.
Executing cabextract -q -d /var/home/puppy/.local/share/Steam/steamapps/compatdata/3371625244/pfx/dosdevices/c:/windows/syswow64 -L -F xaudio*.dll /var/home/puppy/.local/share/Steam/steamapps/compatdata/3371625244/pfx/dosdevices/c:/windows/temp/oct2006_xact_x86.cab
/var/home/puppy/.local/share/Steam/steamapps/compatdata/3371625244/pfx/dosdevices/c:/windows/temp/oct2006_xact_x86.cab: WARNING; possible 5960 extra bytes at end of file.
Executing cabextract -q -d /var/home/puppy/.local/share/Steam/steamapps/compatdata/3371625244/pfx/dosdevices/c:/windows/syswow64 -L -F x3daudio*.dll /var/home/puppy/.local/share/Steam/steamapps/compatdata/3371625244/pfx/dosdevices/c:/windows/temp/oct2006_xact_x86.cab
/var/home/puppy/.local/share/Steam/steamapps/compatdata/3371625244/pfx/dosdevices/c:/windows/temp/oct2006_xact_x86.cab: WARNING; possible 5960 extra bytes at end of file.
Executing cabextract -q -d /var/home/puppy/.local/share/Steam/steamapps/compatdata/3371625244/pfx/dosdevices/c:/windows/syswow64 -L -F xapofx*.dll /var/home/puppy/.local/share/Steam/steamapps/compatdata/3371625244/pfx/dosdevices/c:/windows/temp/oct2006_xact_x86.cab
/var/home/puppy/.local/share/Steam/steamapps/compatdata/3371625244/pfx/dosdevices/c:/windows/temp/oct2006_xact_x86.cab: WARNING; possible 5960 extra bytes at end of file.
Executing /home/puppy/.var/app/com.github.Matoking.protontricks/cache/protontricks/proton/Proton Experimental/bin/wine C:\windows\syswow64\regedit.exe /S C:\windows\Temp\override-dll.reg
fsync: up and running.
Executing /home/puppy/.var/app/com.github.Matoking.protontricks/cache/protontricks/proton/Proton Experimental/bin/wine64 C:\windows\regedit.exe /S C:\windows\Temp\override-dll.reg
wineserver: using server-side synchronization.
Executing /home/puppy/.var/app/com.github.Matoking.protontricks/cache/protontricks/proton/Proton Experimental/bin/wine C:\windows\syswow64\regedit.exe /S C:\windows\Temp\override-dll.reg
wineserver: using server-side synchronization.
Executing /home/puppy/.var/app/com.github.Matoking.protontricks/cache/protontricks/proton/Proton Experimental/bin/wine64 C:\windows\regedit.exe /S C:\windows\Temp\override-dll.reg
wineserver: using server-side synchronization.
Executing /home/puppy/.var/app/com.github.Matoking.protontricks/cache/protontricks/proton/Proton Experimental/bin/wine C:\windows\syswow64\regedit.exe /S C:\windows\Temp\override-dll.reg
wineserver: using server-side synchronization.
Executing /home/puppy/.var/app/com.github.Matoking.protontricks/cache/protontricks/proton/Proton Experimental/bin/wine64 C:\windows\regedit.exe /S C:\windows\Temp\override-dll.reg
wineserver: using server-side synchronization.
Executing /home/puppy/.var/app/com.github.Matoking.protontricks/cache/protontricks/proton/Proton Experimental/bin/wine C:\windows\syswow64\regedit.exe /S C:\windows\Temp\override-dll.reg
wineserver: using server-side synchronization.
Executing /home/puppy/.var/app/com.github.Matoking.protontricks/cache/protontricks/proton/Proton Experimental/bin/wine64 C:\windows\regedit.exe /S C:\windows\Temp\override-dll.reg
wineserver: using server-side synchronization.
Executing /home/puppy/.var/app/com.github.Matoking.protontricks/cache/protontricks/proton/Proton Experimental/bin/wine C:\windows\syswow64\regsvr32.exe /S xactengine2_0.dll
wineserver: using server-side synchronization.
regsvr32: Successfully registered DLL 'xactengine2_0.dll'
Executing /home/puppy/.var/app/com.github.Matoking.protontricks/cache/protontricks/proton/Proton Experimental/bin/wine C:\windows\syswow64\regsvr32.exe /S xactengine2_0.dll.debug
wineserver: using server-side synchronization.
regsvr32: Failed to load DLL 'xactengine2_0.dll.debug'
------------------------------------------------------
warning: Note: command /home/puppy/.var/app/com.github.Matoking.protontricks/cache/protontricks/proton/Proton Experimental/bin/wine C:\windows\syswow64
egsvr32.exe /S xactengine2_0.dll.debug returned status 3. Aborting.
------------------------------------------------------
[WARNING] Retrying component installation (attempt 2/3)...
[DEBUG] Protontricks output: Using winetricks 20250102 (protontricks) - sha256sum: 7b77e5a560c886f9945dc4206f0ea98d099c0fd902ae05681fe988e45f456e3b with wine-10.0 and WINEARCH=win64
Setting font smoothing to rgb
Using native,builtin override for following DLLs: xaudio2_0 xaudio2_1 xaudio2_2 xaudio2_3 xaudio2_4 xaudio2_5 xaudio2_6 xaudio2_7
Using native,builtin override for following DLLs: x3daudio1_0 x3daudio1_1 x3daudio1_2 x3daudio1_3 x3daudio1_4 x3daudio1_5 x3daudio1_6 x3daudio1_7
Using native,builtin override for following DLLs: xapofx1_1 xapofx1_2 xapofx1_3 xapofx1_4 xapofx1_5
Using native,builtin override for following DLLs: xactengine2_0 xactengine2_10 xactengine2_1 xactengine2_2 xactengine2_3 xactengine2_4 xactengine2_5 xactengine2_6 xactengine2_7 xactengine2_8 xactengine2_9 xactengine3_0 xactengine3_1 xactengine3_2 xactengine3_3 xactengine3_4 xactengine3_5 xactengine3_6 xactengine3_7

[ERROR] Protontricks command failed (Attempt 2/3). Return Code: 1
[ERROR] Stdout: Using winetricks 20250102 (protontricks) - sha256sum: 7b77e5a560c886f9945dc4206f0ea98d099c0fd902ae05681fe988e45f456e3b with wine-10.0 and WINEARCH=win64
Setting font smoothing to rgb
Using native,builtin override for following DLLs: xaudio2_0 xaudio2_1 xaudio2_2 xaudio2_3 xaudio2_4 xaudio2_5 xaudio2_6 xaudio2_7
Using native,builtin override for following DLLs: x3daudio1_0 x3daudio1_1 x3daudio1_2 x3daudio1_3 x3daudio1_4 x3daudio1_5 x3daudio1_6 x3daudio1_7
Using native,builtin override for following DLLs: xapofx1_1 xapofx1_2 xapofx1_3 xapofx1_4 xapofx1_5
Using native,builtin override for following DLLs: xactengine2_0 xactengine2_10 xactengine2_1 xactengine2_2 xactengine2_3 xactengine2_4 xactengine2_5 xactengine2_6 xactengine2_7 xactengine2_8 xactengine2_9 xactengine3_0 xactengine3_1 xactengine3_2 xactengine3_3 xactengine3_4 xactengine3_5 xactengine3_6 xactengine3_7
[ERROR] Stderr: protontricks (WARNING): Unknown Flatpak file system permission 'xdg-config/gtk-3.0:ro', ignoring.
protontricks (WARNING): Unknown Flatpak file system permission 'xdg-config/gtk-4.0:ro', ignoring.
protontricks (WARNING): Unknown Flatpak file system permission 'xdg-config/vkBasalt:create', ignoring.
protontricks (WARNING): Unknown Flatpak file system permission 'xdg-config/MangoHud:create', ignoring.
Executing cd /app/bin
Executing w_do_call fontsmooth=rgb
Executing load_fontsmooth rgb
Executing /home/puppy/.var/app/com.github.Matoking.protontricks/cache/protontricks/proton/Proton Experimental/bin/wine C:\windows\syswow64\regedit.exe /S C:\windows\Temp\fontsmooth.reg
wineserver: using server-side synchronization.
Executing /home/puppy/.var/app/com.github.Matoking.protontricks/cache/protontricks/proton/Proton Experimental/bin/wine64 C:\windows\regedit.exe /S C:\windows\Temp\fontsmooth.reg
wineserver: using server-side synchronization.
Executing w_do_call xact
Executing load_xact 
grep: warning: stray \ before /
Executing cabextract -q -d /var/home/puppy/.local/share/Steam/steamapps/compatdata/3371625244/pfx/dosdevices/c:/windows/temp -L -F *_xact_*x86* /home/puppy/.var/app/com.github.Matoking.protontricks/cache/winetricks/directx9/directx_Jun2010_redist.exe
Executing cabextract -q -d /var/home/puppy/.local/share/Steam/steamapps/compatdata/3371625244/pfx/dosdevices/c:/windows/temp -L -F *_x3daudio_*x86* /home/puppy/.var/app/com.github.Matoking.protontricks/cache/winetricks/directx9/directx_Jun2010_redist.exe
Executing cabextract -q -d /var/home/puppy/.local/share/Steam/steamapps/compatdata/3371625244/pfx/dosdevices/c:/windows/temp -L -F *_xaudio_*x86* /home/puppy/.var/app/com.github.Matoking.protontricks/cache/winetricks/directx9/directx_Jun2010_redist.exe
Executing cabextract -q -d /var/home/puppy/.local/share/Steam/steamapps/compatdata/3371625244/pfx/dosdevices/c:/windows/syswow64 -L -F xactengine*.dll /var/home/puppy/.local/share/Steam/steamapps/compatdata/3371625244/pfx/dosdevices/c:/windows/temp/apr2006_xact_x86.cab
/var/home/puppy/.local/share/Steam/steamapps/compatdata/3371625244/pfx/dosdevices/c:/windows/temp/apr2006_xact_x86.cab: WARNING; possible 5960 extra bytes at end of file.
Executing cabextract -q -d /var/home/puppy/.local/share/Steam/steamapps/compatdata/3371625244/pfx/dosdevices/c:/windows/syswow64 -L -F xaudio*.dll /var/home/puppy/.local/share/Steam/steamapps/compatdata/3371625244/pfx/dosdevices/c:/windows/temp/apr2006_xact_x86.cab
/var/home/puppy/.local/share/Steam/steamapps/compatdata/3371625244/pfx/dosdevices/c:/windows/temp/apr2006_xact_x86.cab: WARNING; possible 5960 extra bytes at end of file.
Executing cabextract -q -d /var/home/puppy/.local/share/Steam/steamapps/compatdata/3371625244/pfx/dosdevices/c:/windows/syswow64 -L -F x3daudio*.dll /var/home/puppy/.local/share/Steam/steamapps/compatdata/3371625244/pfx/dosdevices/c:/windows/temp/apr2006_xact_x86.cab
/var/home/puppy/.local/share/Steam/steamapps/compatdata/3371625244/pfx/dosdevices/c:/windows/temp/apr2006_xact_x86.cab: WARNING; possible 5960 extra bytes at end of file.
Executing cabextract -q -d /var/home/puppy/.local/share/Steam/steamapps/compatdata/3371625244/pfx/dosdevices/c:/windows/syswow64 -L -F xapofx*.dll /var/home/puppy/.local/share/Steam/steamapps/compatdata/3371625244/pfx/dosdevices/c:/windows/temp/apr2006_xact_x86.cab
/var/home/puppy/.local/share/Steam/steamapps/compatdata/3371625244/pfx/dosdevices/c:/windows/temp/apr2006_xact_x86.cab: WARNING; possible 5960 extra bytes at end of file.
Executing cabextract -q -d /var/home/puppy/.local/share/Steam/steamapps/compatdata/3371625244/pfx/dosdevices/c:/windows/syswow64 -L -F xactengine*.dll /var/home/puppy/.local/share/Steam/steamapps/compatdata/3371625244/pfx/dosdevices/c:/windows/temp/apr2007_xact_x86.cab
/var/home/puppy/.local/share/Steam/steamapps/compatdata/3371625244/pfx/dosdevices/c:/windows/temp/apr2007_xact_x86.cab: WARNING; possible 5960 extra bytes at end of file.
Executing cabextract -q -d /var/home/puppy/.local/share/Steam/steamapps/compatdata/3371625244/pfx/dosdevices/c:/windows/syswow64 -L -F xaudio*.dll /var/home/puppy/.local/share/Steam/steamapps/compatdata/3371625244/pfx/dosdevices/c:/windows/temp/apr2007_xact_x86.cab
/var/home/puppy/.local/share/Steam/steamapps/compatdata/3371625244/pfx/dosdevices/c:/windows/temp/apr2007_xact_x86.cab: WARNING; possible 5960 extra bytes at end of file.
Executing cabextract -q -d /var/home/puppy/.local/share/Steam/steamapps/compatdata/3371625244/pfx/dosdevices/c:/windows/syswow64 -L -F x3daudio*.dll /var/home/puppy/.local/share/Steam/steamapps/compatdata/3371625244/pfx/dosdevices/c:/windows/temp/apr2007_xact_x86.cab
/var/home/puppy/.local/share/Steam/steamapps/compatdata/3371625244/pfx/dosdevices/c:/windows/temp/apr2007_xact_x86.cab: WARNING; possible 5960 extra bytes at end of file.
Executing cabextract -q -d /var/home/puppy/.local/share/Steam/steamapps/compatdata/3371625244/pfx/dosdevices/c:/windows/syswow64 -L -F xapofx*.dll /var/home/puppy/.local/share/Steam/steamapps/compatdata/3371625244/pfx/dosdevices/c:/windows/temp/apr2007_xact_x86.cab
/var/home/puppy/.local/share/Steam/steamapps/compatdata/3371625244/pfx/dosdevices/c:/windows/temp/apr2007_xact_x86.cab: WARNING; possible 5960 extra bytes at end of file.
Executing cabextract -q -d /var/home/puppy/.local/share/Steam/steamapps/compatdata/3371625244/pfx/dosdevices/c:/windows/syswow64 -L -F xactengine*.dll /var/home/puppy/.local/share/Steam/steamapps/compatdata/3371625244/pfx/dosdevices/c:/windows/temp/aug2006_xact_x86.cab
/var/home/puppy/.local/share/Steam/steamapps/compatdata/3371625244/pfx/dosdevices/c:/windows/temp/aug2006_xact_x86.cab: WARNING; possible 5960 extra bytes at end of file.
Executing cabextract -q -d /var/home/puppy/.local/share/Steam/steamapps/compatdata/3371625244/pfx/dosdevices/c:/windows/syswow64 -L -F xaudio*.dll /var/home/puppy/.local/share/Steam/steamapps/compatdata/3371625244/pfx/dosdevices/c:/windows/temp/aug2006_xact_x86.cab
/var/home/puppy/.local/share/Steam/steamapps/compatdata/3371625244/pfx/dosdevices/c:/windows/temp/aug2006_xact_x86.cab: WARNING; possible 5960 extra bytes at end of file.
Executing cabextract -q -d /var/home/puppy/.local/share/Steam/steamapps/compatdata/3371625244/pfx/dosdevices/c:/windows/syswow64 -L -F x3daudio*.dll /var/home/puppy/.local/share/Steam/steamapps/compatdata/3371625244/pfx/dosdevices/c:/windows/temp/aug2006_xact_x86.cab
/var/home/puppy/.local/share/Steam/steamapps/compatdata/3371625244/pfx/dosdevices/c:/windows/temp/aug2006_xact_x86.cab: WARNING; possible 5960 extra bytes at end of file.
Executing cabextract -q -d /var/home/puppy/.local/share/Steam/steamapps/compatdata/3371625244/pfx/dosdevices/c:/windows/syswow64 -L -F xapofx*.dll /var/home/puppy/.local/share/Steam/steamapps/compatdata/3371625244/pfx/dosdevices/c:/windows/temp/aug2006_xact_x86.cab
/var/home/puppy/.local/share/Steam/steamapps/compatdata/3371625244/pfx/dosdevices/c:/windows/temp/aug2006_xact_x86.cab: WARNING; possible 5960 extra bytes at end of file.
Executing cabextract -q -d /var/home/puppy/.local/share/Steam/steamapps/compatdata/3371625244/pfx/dosdevices/c:/windows/syswow64 -L -F xactengine*.dll /var/home/puppy/.local/share/Steam/steamapps/compatdata/3371625244/pfx/dosdevices/c:/windows/temp/aug2007_xact_x86.cab
/var/home/puppy/.local/share/Steam/steamapps/compatdata/3371625244/pfx/dosdevices/c:/windows/temp/aug2007_xact_x86.cab: WARNING; possible 5960 extra bytes at end of file.
Executing cabextract -q -d /var/home/puppy/.local/share/Steam/steamapps/compatdata/3371625244/pfx/dosdevices/c:/windows/syswow64 -L -F xaudio*.dll /var/home/puppy/.local/share/Steam/steamapps/compatdata/3371625244/pfx/dosdevices/c:/windows/temp/aug2007_xact_x86.cab
/var/home/puppy/.local/share/Steam/steamapps/compatdata/3371625244/pfx/dosdevices/c:/windows/temp/aug2007_xact_x86.cab: WARNING; possible 5960 extra bytes at end of file.
Executing cabextract -q -d /var/home/puppy/.local/share/Steam/steamapps/compatdata/3371625244/pfx/dosdevices/c:/windows/syswow64 -L -F x3daudio*.dll /var/home/puppy/.local/share/Steam/steamapps/compatdata/3371625244/pfx/dosdevices/c:/windows/temp/aug2007_xact_x86.cab
/var/home/puppy/.local/share/Steam/steamapps/compatdata/3371625244/pfx/dosdevices/c:/windows/temp/aug2007_xact_x86.cab: WARNING; possible 5960 extra bytes at end of file.
Executing cabextract -q -d /var/home/puppy/.local/share/Steam/steamapps/compatdata/3371625244/pfx/dosdevices/c:/windows/syswow64 -L -F xapofx*.dll /var/home/puppy/.local/share/Steam/steamapps/compatdata/3371625244/pfx/dosdevices/c:/windows/temp/aug2007_xact_x86.cab
/var/home/puppy/.local/share/Steam/steamapps/compatdata/3371625244/pfx/dosdevices/c:/windows/temp/aug2007_xact_x86.cab: WARNING; possible 5960 extra bytes at end of file.
Executing cabextract -q -d /var/home/puppy/.local/share/Steam/steamapps/compatdata/3371625244/pfx/dosdevices/c:/windows/syswow64 -L -F xactengine*.dll /var/home/puppy/.local/share/Steam/steamapps/compatdata/3371625244/pfx/dosdevices/c:/windows/temp/aug2008_xact_x86.cab
/var/home/puppy/.local/share/Steam/steamapps/compatdata/3371625244/pfx/dosdevices/c:/windows/temp/aug2008_xact_x86.cab: WARNING; possible 5960 extra bytes at end of file.
Executing cabextract -q -d /var/home/puppy/.local/share/Steam/steamapps/compatdata/3371625244/pfx/dosdevices/c:/windows/syswow64 -L -F xaudio*.dll /var/home/puppy/.local/share/Steam/steamapps/compatdata/3371625244/pfx/dosdevices/c:/windows/temp/aug2008_xact_x86.cab
/var/home/puppy/.local/share/Steam/steamapps/compatdata/3371625244/pfx/dosdevices/c:/windows/temp/aug2008_xact_x86.cab: WARNING; possible 5960 extra bytes at end of file.
Executing cabextract -q -d /var/home/puppy/.local/share/Steam/steamapps/compatdata/3371625244/pfx/dosdevices/c:/windows/syswow64 -L -F x3daudio*.dll /var/home/puppy/.local/share/Steam/steamapps/compatdata/3371625244/pfx/dosdevices/c:/windows/temp/aug2008_xact_x86.cab
/var/home/puppy/.local/share/Steam/steamapps/compatdata/3371625244/pfx/dosdevices/c:/windows/temp/aug2008_xact_x86.cab: WARNING; possible 5960 extra bytes at end of file.
Executing cabextract -q -d /var/home/puppy/.local/share/Steam/steamapps/compatdata/3371625244/pfx/dosdevices/c:/windows/syswow64 -L -F xapofx*.dll /var/home/puppy/.local/share/Steam/steamapps/compatdata/3371625244/pfx/dosdevices/c:/windows/temp/aug2008_xact_x86.cab
/var/home/puppy/.local/share/Steam/steamapps/compatdata/3371625244/pfx/dosdevices/c:/windows/temp/aug2008_xact_x86.cab: WARNING; possible 5960 extra bytes at end of file.
Executing cabextract -q -d /var/home/puppy/.local/share/Steam/steamapps/compatdata/3371625244/pfx/dosdevices/c:/windows/syswow64 -L -F xactengine*.dll /var/home/puppy/.local/share/Steam/steamapps/compatdata/3371625244/pfx/dosdevices/c:/windows/temp/aug2008_xaudio_x86.cab
/var/home/puppy/.local/share/Steam/steamapps/compatdata/3371625244/pfx/dosdevices/c:/windows/temp/aug2008_xaudio_x86.cab: WARNING; possible 5960 extra bytes at end of file.
Executing cabextract -q -d /var/home/puppy/.local/share/Steam/steamapps/compatdata/3371625244/pfx/dosdevices/c:/windows/syswow64 -L -F xaudio*.dll /var/home/puppy/.local/share/Steam/steamapps/compatdata/3371625244/pfx/dosdevices/c:/windows/temp/aug2008_xaudio_x86.cab
/var/home/puppy/.local/share/Steam/steamapps/compatdata/3371625244/pfx/dosdevices/c:/windows/temp/aug2008_xaudio_x86.cab: WARNING; possible 5960 extra bytes at end of file.
Executing cabextract -q -d /var/home/puppy/.local/share/Steam/steamapps/compatdata/3371625244/pfx/dosdevices/c:/windows/syswow64 -L -F x3daudio*.dll /var/home/puppy/.local/share/Steam/steamapps/compatdata/3371625244/pfx/dosdevices/c:/windows/temp/aug2008_xaudio_x86.cab
/var/home/puppy/.local/share/Steam/steamapps/compatdata/3371625244/pfx/dosdevices/c:/windows/temp/aug2008_xaudio_x86.cab: WARNING; possible 5960 extra bytes at end of file.
Executing cabextract -q -d /var/home/puppy/.local/share/Steam/steamapps/compatdata/3371625244/pfx/dosdevices/c:/windows/syswow64 -L -F xapofx*.dll /var/home/puppy/.local/share/Steam/steamapps/compatdata/3371625244/pfx/dosdevices/c:/windows/temp/aug2008_xaudio_x86.cab
/var/home/puppy/.local/share/Steam/steamapps/compatdata/3371625244/pfx/dosdevices/c:/windows/temp/aug2008_xaudio_x86.cab: WARNING; possible 5960 extra bytes at end of file.
Executing cabextract -q -d /var/home/puppy/.local/share/Steam/steamapps/compatdata/3371625244/pfx/dosdevices/c:/windows/syswow64 -L -F xactengine*.dll /var/home/puppy/.local/share/Steam/steamapps/compatdata/3371625244/pfx/dosdevices/c:/windows/temp/aug2009_xact_x86.cab
/var/home/puppy/.local/share/Steam/steamapps/compatdata/3371625244/pfx/dosdevices/c:/windows/temp/aug2009_xact_x86.cab: WARNING; possible 5960 extra bytes at end of file.
Executing cabextract -q -d /var/home/puppy/.local/share/Steam/steamapps/compatdata/3371625244/pfx/dosdevices/c:/windows/syswow64 -L -F xaudio*.dll /var/home/puppy/.local/share/Steam/steamapps/compatdata/3371625244/pfx/dosdevices/c:/windows/temp/aug2009_xact_x86.cab
/var/home/puppy/.local/share/Steam/steamapps/compatdata/3371625244/pfx/dosdevices/c:/windows/temp/aug2009_xact_x86.cab: WARNING; possible 5960 extra bytes at end of file.
Executing cabextract -q -d /var/home/puppy/.local/share/Steam/steamapps/compatdata/3371625244/pfx/dosdevices/c:/windows/syswow64 -L -F x3daudio*.dll /var/home/puppy/.local/share/Steam/steamapps/compatdata/3371625244/pfx/dosdevices/c:/windows/temp/aug2009_xact_x86.cab
/var/home/puppy/.local/share/Steam/steamapps/compatdata/3371625244/pfx/dosdevices/c:/windows/temp/aug2009_xact_x86.cab: WARNING; possible 5960 extra bytes at end of file.
Executing cabextract -q -d /var/home/puppy/.local/share/Steam/steamapps/compatdata/3371625244/pfx/dosdevices/c:/windows/syswow64 -L -F xapofx*.dll /var/home/puppy/.local/share/Steam/steamapps/compatdata/3371625244/pfx/dosdevices/c:/windows/temp/aug2009_xact_x86.cab
/var/home/puppy/.local/share/Steam/steamapps/compatdata/3371625244/pfx/dosdevices/c:/windows/temp/aug2009_xact_x86.cab: WARNING; possible 5960 extra bytes at end of file.
Executing cabextract -q -d /var/home/puppy/.local/share/Steam/steamapps/compatdata/3371625244/pfx/dosdevices/c:/windows/syswow64 -L -F xactengine*.dll /var/home/puppy/.local/share/Steam/steamapps/compatdata/3371625244/pfx/dosdevices/c:/windows/temp/aug2009_xaudio_x86.cab
/var/home/puppy/.local/share/Steam/steamapps/compatdata/3371625244/pfx/dosdevices/c:/windows/temp/aug2009_xaudio_x86.cab: WARNING; possible 5960 extra bytes at end of file.
Executing cabextract -q -d /var/home/puppy/.local/share/Steam/steamapps/compatdata/3371625244/pfx/dosdevices/c:/windows/syswow64 -L -F xaudio*.dll /var/home/puppy/.local/share/Steam/steamapps/compatdata/3371625244/pfx/dosdevices/c:/windows/temp/aug2009_xaudio_x86.cab
/var/home/puppy/.local/share/Steam/steamapps/compatdata/3371625244/pfx/dosdevices/c:/windows/temp/aug2009_xaudio_x86.cab: WARNING; possible 5960 extra bytes at end of file.
Executing cabextract -q -d /var/home/puppy/.local/share/Steam/steamapps/compatdata/3371625244/pfx/dosdevices/c:/windows/syswow64 -L -F x3daudio*.dll /var/home/puppy/.local/share/Steam/steamapps/compatdata/3371625244/pfx/dosdevices/c:/windows/temp/aug2009_xaudio_x86.cab
/var/home/puppy/.local/share/Steam/steamapps/compatdata/3371625244/pfx/dosdevices/c:/windows/temp/aug2009_xaudio_x86.cab: WARNING; possible 5960 extra bytes at end of file.
Executing cabextract -q -d /var/home/puppy/.local/share/Steam/steamapps/compatdata/3371625244/pfx/dosdevices/c:/windows/syswow64 -L -F xapofx*.dll /var/home/puppy/.local/share/Steam/steamapps/compatdata/3371625244/pfx/dosdevices/c:/windows/temp/aug2009_xaudio_x86.cab
/var/home/puppy/.local/share/Steam/steamapps/compatdata/3371625244/pfx/dosdevices/c:/windows/temp/aug2009_xaudio_x86.cab: WARNING; possible 5960 extra bytes at end of file.
Executing cabextract -q -d /var/home/puppy/.local/share/Steam/steamapps/compatdata/3371625244/pfx/dosdevices/c:/windows/syswow64 -L -F xactengine*.dll /var/home/puppy/.local/share/Steam/steamapps/compatdata/3371625244/pfx/dosdevices/c:/windows/temp/dec2006_xact_x86.cab
/var/home/puppy/.local/share/Steam/steamapps/compatdata/3371625244/pfx/dosdevices/c:/windows/temp/dec2006_xact_x86.cab: WARNING; possible 5960 extra bytes at end of file.
Executing cabextract -q -d /var/home/puppy/.local/share/Steam/steamapps/compatdata/3371625244/pfx/dosdevices/c:/windows/syswow64 -L -F xaudio*.dll /var/home/puppy/.local/share/Steam/steamapps/compatdata/3371625244/pfx/dosdevices/c:/windows/temp/dec2006_xact_x86.cab
/var/home/puppy/.local/share/Steam/steamapps/compatdata/3371625244/pfx/dosdevices/c:/windows/temp/dec2006_xact_x86.cab: WARNING; possible 5960 extra bytes at end of file.
Executing cabextract -q -d /var/home/puppy/.local/share/Steam/steamapps/compatdata/3371625244/pfx/dosdevices/c:/windows/syswow64 -L -F x3daudio*.dll /var/home/puppy/.local/share/Steam/steamapps/compatdata/3371625244/pfx/dosdevices/c:/windows/temp/dec2006_xact_x86.cab
/var/home/puppy/.local/share/Steam/steamapps/compatdata/3371625244/pfx/dosdevices/c:/windows/temp/dec2006_xact_x86.cab: WARNING; possible 5960 extra bytes at end of file.
Executing cabextract -q -d /var/home/puppy/.local/share/Steam/steamapps/compatdata/3371625244/pfx/dosdevices/c:/windows/syswow64 -L -F xapofx*.dll /var/home/puppy/.local/share/Steam/steamapps/compatdata/3371625244/pfx/dosdevices/c:/windows/temp/dec2006_xact_x86.cab
/var/home/puppy/.local/share/Steam/steamapps/compatdata/3371625244/pfx/dosdevices/c:/windows/temp/dec2006_xact_x86.cab: WARNING; possible 5960 extra bytes at end of file.
Executing cabextract -q -d /var/home/puppy/.local/share/Steam/steamapps/compatdata/3371625244/pfx/dosdevices/c:/windows/syswow64 -L -F xactengine*.dll /var/home/puppy/.local/share/Steam/steamapps/compatdata/3371625244/pfx/dosdevices/c:/windows/temp/feb2006_xact_x86.cab
/var/home/puppy/.local/share/Steam/steamapps/compatdata/3371625244/pfx/dosdevices/c:/windows/temp/feb2006_xact_x86.cab: WARNING; possible 5960 extra bytes at end of file.
Executing cabextract -q -d /var/home/puppy/.local/share/Steam/steamapps/compatdata/3371625244/pfx/dosdevices/c:/windows/syswow64 -L -F xaudio*.dll /var/home/puppy/.local/share/Steam/steamapps/compatdata/3371625244/pfx/dosdevices/c:/windows/temp/feb2006_xact_x86.cab
/var/home/puppy/.local/share/Steam/steamapps/compatdata/3371625244/pfx/dosdevices/c:/windows/temp/feb2006_xact_x86.cab: WARNING; possible 5960 extra bytes at end of file.
Executing cabextract -q -d /var/home/puppy/.local/share/Steam/steamapps/compatdata/3371625244/pfx/dosdevices/c:/windows/syswow64 -L -F x3daudio*.dll /var/home/puppy/.local/share/Steam/steamapps/compatdata/3371625244/pfx/dosdevices/c:/windows/temp/feb2006_xact_x86.cab
/var/home/puppy/.local/share/Steam/steamapps/compatdata/3371625244/pfx/dosdevices/c:/windows/temp/feb2006_xact_x86.cab: WARNING; possible 5960 extra bytes at end of file.
Executing cabextract -q -d /var/home/puppy/.local/share/Steam/steamapps/compatdata/3371625244/pfx/dosdevices/c:/windows/syswow64 -L -F xapofx*.dll /var/home/puppy/.local/share/Steam/steamapps/compatdata/3371625244/pfx/dosdevices/c:/windows/temp/feb2006_xact_x86.cab
/var/home/puppy/.local/share/Steam/steamapps/compatdata/3371625244/pfx/dosdevices/c:/windows/temp/feb2006_xact_x86.cab: WARNING; possible 5960 extra bytes at end of file.
Executing cabextract -q -d /var/home/puppy/.local/share/Steam/steamapps/compatdata/3371625244/pfx/dosdevices/c:/windows/syswow64 -L -F xactengine*.dll /var/home/puppy/.local/share/Steam/steamapps/compatdata/3371625244/pfx/dosdevices/c:/windows/temp/feb2007_xact_x86.cab
/var/home/puppy/.local/share/Steam/steamapps/compatdata/3371625244/pfx/dosdevices/c:/windows/temp/feb2007_xact_x86.cab: WARNING; possible 5960 extra bytes at end of file.
Executing cabextract -q -d /var/home/puppy/.local/share/Steam/steamapps/compatdata/3371625244/pfx/dosdevices/c:/windows/syswow64 -L -F xaudio*.dll /var/home/puppy/.local/share/Steam/steamapps/compatdata/3371625244/pfx/dosdevices/c:/windows/temp/feb2007_xact_x86.cab
/var/home/puppy/.local/share/Steam/steamapps/compatdata/3371625244/pfx/dosdevices/c:/windows/temp/feb2007_xact_x86.cab: WARNING; possible 5960 extra bytes at end of file.
Executing cabextract -q -d /var/home/puppy/.local/share/Steam/steamapps/compatdata/3371625244/pfx/dosdevices/c:/windows/syswow64 -L -F x3daudio*.dll /var/home/puppy/.local/share/Steam/steamapps/compatdata/3371625244/pfx/dosdevices/c:/windows/temp/feb2007_xact_x86.cab
/var/home/puppy/.local/share/Steam/steamapps/compatdata/3371625244/pfx/dosdevices/c:/windows/temp/feb2007_xact_x86.cab: WARNING; possible 5960 extra bytes at end of file.
Executing cabextract -q -d /var/home/puppy/.local/share/Steam/steamapps/compatdata/3371625244/pfx/dosdevices/c:/windows/syswow64 -L -F xapofx*.dll /var/home/puppy/.local/share/Steam/steamapps/compatdata/3371625244/pfx/dosdevices/c:/windows/temp/feb2007_xact_x86.cab
/var/home/puppy/.local/share/Steam/steamapps/compatdata/3371625244/pfx/dosdevices/c:/windows/temp/feb2007_xact_x86.cab: WARNING; possible 5960 extra bytes at end of file.
Executing cabextract -q -d /var/home/puppy/.local/share/Steam/steamapps/compatdata/3371625244/pfx/dosdevices/c:/windows/syswow64 -L -F xactengine*.dll /var/home/puppy/.local/share/Steam/steamapps/compatdata/3371625244/pfx/dosdevices/c:/windows/temp/feb2010_x3daudio_x86.cab
/var/home/puppy/.local/share/Steam/steamapps/compatdata/3371625244/pfx/dosdevices/c:/windows/temp/feb2010_x3daudio_x86.cab: WARNING; possible 5960 extra bytes at end of file.
Executing cabextract -q -d /var/home/puppy/.local/share/Steam/steamapps/compatdata/3371625244/pfx/dosdevices/c:/windows/syswow64 -L -F xaudio*.dll /var/home/puppy/.local/share/Steam/steamapps/compatdata/3371625244/pfx/dosdevices/c:/windows/temp/feb2010_x3daudio_x86.cab
/var/home/puppy/.local/share/Steam/steamapps/compatdata/3371625244/pfx/dosdevices/c:/windows/temp/feb2010_x3daudio_x86.cab: WARNING; possible 5960 extra bytes at end of file.
Executing cabextract -q -d /var/home/puppy/.local/share/Steam/steamapps/compatdata/3371625244/pfx/dosdevices/c:/windows/syswow64 -L -F x3daudio*.dll /var/home/puppy/.local/share/Steam/steamapps/compatdata/3371625244/pfx/dosdevices/c:/windows/temp/feb2010_x3daudio_x86.cab
/var/home/puppy/.local/share/Steam/steamapps/compatdata/3371625244/pfx/dosdevices/c:/windows/temp/feb2010_x3daudio_x86.cab: WARNING; possible 5960 extra bytes at end of file.
Executing cabextract -q -d /var/home/puppy/.local/share/Steam/steamapps/compatdata/3371625244/pfx/dosdevices/c:/windows/syswow64 -L -F xapofx*.dll /var/home/puppy/.local/share/Steam/steamapps/compatdata/3371625244/pfx/dosdevices/c:/windows/temp/feb2010_x3daudio_x86.cab
/var/home/puppy/.local/share/Steam/steamapps/compatdata/3371625244/pfx/dosdevices/c:/windows/temp/feb2010_x3daudio_x86.cab: WARNING; possible 5960 extra bytes at end of file.
Executing cabextract -q -d /var/home/puppy/.local/share/Steam/steamapps/compatdata/3371625244/pfx/dosdevices/c:/windows/syswow64 -L -F xactengine*.dll /var/home/puppy/.local/share/Steam/steamapps/compatdata/3371625244/pfx/dosdevices/c:/windows/temp/feb2010_xact_x86.cab
/var/home/puppy/.local/share/Steam/steamapps/compatdata/3371625244/pfx/dosdevices/c:/windows/temp/feb2010_xact_x86.cab: WARNING; possible 5960 extra bytes at end of file.
Executing cabextract -q -d /var/home/puppy/.local/share/Steam/steamapps/compatdata/3371625244/pfx/dosdevices/c:/windows/syswow64 -L -F xaudio*.dll /var/home/puppy/.local/share/Steam/steamapps/compatdata/3371625244/pfx/dosdevices/c:/windows/temp/feb2010_xact_x86.cab
/var/home/puppy/.local/share/Steam/steamapps/compatdata/3371625244/pfx/dosdevices/c:/windows/temp/feb2010_xact_x86.cab: WARNING; possible 5960 extra bytes at end of file.
Executing cabextract -q -d /var/home/puppy/.local/share/Steam/steamapps/compatdata/3371625244/pfx/dosdevices/c:/windows/syswow64 -L -F x3daudio*.dll /var/home/puppy/.local/share/Steam/steamapps/compatdata/3371625244/pfx/dosdevices/c:/windows/temp/feb2010_xact_x86.cab
/var/home/puppy/.local/share/Steam/steamapps/compatdata/3371625244/pfx/dosdevices/c:/windows/temp/feb2010_xact_x86.cab: WARNING; possible 5960 extra bytes at end of file.
Executing cabextract -q -d /var/home/puppy/.local/share/Steam/steamapps/compatdata/3371625244/pfx/dosdevices/c:/windows/syswow64 -L -F xapofx*.dll /var/home/puppy/.local/share/Steam/steamapps/compatdata/3371625244/pfx/dosdevices/c:/windows/temp/feb2010_xact_x86.cab
/var/home/puppy/.local/share/Steam/steamapps/compatdata/3371625244/pfx/dosdevices/c:/windows/temp/feb2010_xact_x86.cab: WARNING; possible 5960 extra bytes at end of file.
Executing cabextract -q -d /var/home/puppy/.local/share/Steam/steamapps/compatdata/3371625244/pfx/dosdevices/c:/windows/syswow64 -L -F xactengine*.dll /var/home/puppy/.local/share/Steam/steamapps/compatdata/3371625244/pfx/dosdevices/c:/windows/temp/feb2010_xaudio_x86.cab
/var/home/puppy/.local/share/Steam/steamapps/compatdata/3371625244/pfx/dosdevices/c:/windows/temp/feb2010_xaudio_x86.cab: WARNING; possible 5960 extra bytes at end of file.
Executing cabextract -q -d /var/home/puppy/.local/share/Steam/steamapps/compatdata/3371625244/pfx/dosdevices/c:/windows/syswow64 -L -F xaudio*.dll /var/home/puppy/.local/share/Steam/steamapps/compatdata/3371625244/pfx/dosdevices/c:/windows/temp/feb2010_xaudio_x86.cab
/var/home/puppy/.local/share/Steam/steamapps/compatdata/3371625244/pfx/dosdevices/c:/windows/temp/feb2010_xaudio_x86.cab: WARNING; possible 5960 extra bytes at end of file.
Executing cabextract -q -d /var/home/puppy/.local/share/Steam/steamapps/compatdata/3371625244/pfx/dosdevices/c:/windows/syswow64 -L -F x3daudio*.dll /var/home/puppy/.local/share/Steam/steamapps/compatdata/3371625244/pfx/dosdevices/c:/windows/temp/feb2010_xaudio_x86.cab
/var/home/puppy/.local/share/Steam/steamapps/compatdata/3371625244/pfx/dosdevices/c:/windows/temp/feb2010_xaudio_x86.cab: WARNING; possible 5960 extra bytes at end of file.
Executing cabextract -q -d /var/home/puppy/.local/share/Steam/steamapps/compatdata/3371625244/pfx/dosdevices/c:/windows/syswow64 -L -F xapofx*.dll /var/home/puppy/.local/share/Steam/steamapps/compatdata/3371625244/pfx/dosdevices/c:/windows/temp/feb2010_xaudio_x86.cab
/var/home/puppy/.local/share/Steam/steamapps/compatdata/3371625244/pfx/dosdevices/c:/windows/temp/feb2010_xaudio_x86.cab: WARNING; possible 5960 extra bytes at end of file.
Executing cabextract -q -d /var/home/puppy/.local/share/Steam/steamapps/compatdata/3371625244/pfx/dosdevices/c:/windows/syswow64 -L -F xactengine*.dll /var/home/puppy/.local/share/Steam/steamapps/compatdata/3371625244/pfx/dosdevices/c:/windows/temp/jun2006_xact_x86.cab
/var/home/puppy/.local/share/Steam/steamapps/compatdata/3371625244/pfx/dosdevices/c:/windows/temp/jun2006_xact_x86.cab: WARNING; possible 5960 extra bytes at end of file.
Executing cabextract -q -d /var/home/puppy/.local/share/Steam/steamapps/compatdata/3371625244/pfx/dosdevices/c:/windows/syswow64 -L -F xaudio*.dll /var/home/puppy/.local/share/Steam/steamapps/compatdata/3371625244/pfx/dosdevices/c:/windows/temp/jun2006_xact_x86.cab
/var/home/puppy/.local/share/Steam/steamapps/compatdata/3371625244/pfx/dosdevices/c:/windows/temp/jun2006_xact_x86.cab: WARNING; possible 5960 extra bytes at end of file.
Executing cabextract -q -d /var/home/puppy/.local/share/Steam/steamapps/compatdata/3371625244/pfx/dosdevices/c:/windows/syswow64 -L -F x3daudio*.dll /var/home/puppy/.local/share/Steam/steamapps/compatdata/3371625244/pfx/dosdevices/c:/windows/temp/jun2006_xact_x86.cab
/var/home/puppy/.local/share/Steam/steamapps/compatdata/3371625244/pfx/dosdevices/c:/windows/temp/jun2006_xact_x86.cab: WARNING; possible 5960 extra bytes at end of file.
Executing cabextract -q -d /var/home/puppy/.local/share/Steam/steamapps/compatdata/3371625244/pfx/dosdevices/c:/windows/syswow64 -L -F xapofx*.dll /var/home/puppy/.local/share/Steam/steamapps/compatdata/3371625244/pfx/dosdevices/c:/windows/temp/jun2006_xact_x86.cab
/var/home/puppy/.local/share/Steam/steamapps/compatdata/3371625244/pfx/dosdevices/c:/windows/temp/jun2006_xact_x86.cab: WARNING; possible 5960 extra bytes at end of file.
Executing cabextract -q -d /var/home/puppy/.local/share/Steam/steamapps/compatdata/3371625244/pfx/dosdevices/c:/windows/syswow64 -L -F xactengine*.dll /var/home/puppy/.local/share/Steam/steamapps/compatdata/3371625244/pfx/dosdevices/c:/windows/temp/jun2007_xact_x86.cab
/var/home/puppy/.local/share/Steam/steamapps/compatdata/3371625244/pfx/dosdevices/c:/windows/temp/jun2007_xact_x86.cab: WARNING; possible 5960 extra bytes at end of file.
Executing cabextract -q -d /var/home/puppy/.local/share/Steam/steamapps/compatdata/3371625244/pfx/dosdevices/c:/windows/syswow64 -L -F xaudio*.dll /var/home/puppy/.local/share/Steam/steamapps/compatdata/3371625244/pfx/dosdevices/c:/windows/temp/jun2007_xact_x86.cab
/var/home/puppy/.local/share/Steam/steamapps/compatdata/3371625244/pfx/dosdevices/c:/windows/temp/jun2007_xact_x86.cab: WARNING; possible 5960 extra bytes at end of file.
Executing cabextract -q -d /var/home/puppy/.local/share/Steam/steamapps/compatdata/3371625244/pfx/dosdevices/c:/windows/syswow64 -L -F x3daudio*.dll /var/home/puppy/.local/share/Steam/steamapps/compatdata/3371625244/pfx/dosdevices/c:/windows/temp/jun2007_xact_x86.cab
/var/home/puppy/.local/share/Steam/steamapps/compatdata/3371625244/pfx/dosdevices/c:/windows/temp/jun2007_xact_x86.cab: WARNING; possible 5960 extra bytes at end of file.
Executing cabextract -q -d /var/home/puppy/.local/share/Steam/steamapps/compatdata/3371625244/pfx/dosdevices/c:/windows/syswow64 -L -F xapofx*.dll /var/home/puppy/.local/share/Steam/steamapps/compatdata/3371625244/pfx/dosdevices/c:/windows/temp/jun2007_xact_x86.cab
/var/home/puppy/.local/share/Steam/steamapps/compatdata/3371625244/pfx/dosdevices/c:/windows/temp/jun2007_xact_x86.cab: WARNING; possible 5960 extra bytes at end of file.
Executing cabextract -q -d /var/home/puppy/.local/share/Steam/steamapps/compatdata/3371625244/pfx/dosdevices/c:/windows/syswow64 -L -F xactengine*.dll /var/home/puppy/.local/share/Steam/steamapps/compatdata/3371625244/pfx/dosdevices/c:/windows/temp/jun2008_x3daudio_x86.cab
/var/home/puppy/.local/share/Steam/steamapps/compatdata/3371625244/pfx/dosdevices/c:/windows/temp/jun2008_x3daudio_x86.cab: WARNING; possible 5960 extra bytes at end of file.
Executing cabextract -q -d /var/home/puppy/.local/share/Steam/steamapps/compatdata/3371625244/pfx/dosdevices/c:/windows/syswow64 -L -F xaudio*.dll /var/home/puppy/.local/share/Steam/steamapps/compatdata/3371625244/pfx/dosdevices/c:/windows/temp/jun2008_x3daudio_x86.cab
/var/home/puppy/.local/share/Steam/steamapps/compatdata/3371625244/pfx/dosdevices/c:/windows/temp/jun2008_x3daudio_x86.cab: WARNING; possible 5960 extra bytes at end of file.
Executing cabextract -q -d /var/home/puppy/.local/share/Steam/steamapps/compatdata/3371625244/pfx/dosdevices/c:/windows/syswow64 -L -F x3daudio*.dll /var/home/puppy/.local/share/Steam/steamapps/compatdata/3371625244/pfx/dosdevices/c:/windows/temp/jun2008_x3daudio_x86.cab
/var/home/puppy/.local/share/Steam/steamapps/compatdata/3371625244/pfx/dosdevices/c:/windows/temp/jun2008_x3daudio_x86.cab: WARNING; possible 5960 extra bytes at end of file.
Executing cabextract -q -d /var/home/puppy/.local/share/Steam/steamapps/compatdata/3371625244/pfx/dosdevices/c:/windows/syswow64 -L -F xapofx*.dll /var/home/puppy/.local/share/Steam/steamapps/compatdata/3371625244/pfx/dosdevices/c:/windows/temp/jun2008_x3daudio_x86.cab
/var/home/puppy/.local/share/Steam/steamapps/compatdata/3371625244/pfx/dosdevices/c:/windows/temp/jun2008_x3daudio_x86.cab: WARNING; possible 5960 extra bytes at end of file.
Executing cabextract -q -d /var/home/puppy/.local/share/Steam/steamapps/compatdata/3371625244/pfx/dosdevices/c:/windows/syswow64 -L -F xactengine*.dll /var/home/puppy/.local/share/Steam/steamapps/compatdata/3371625244/pfx/dosdevices/c:/windows/temp/jun2008_xact_x86.cab
/var/home/puppy/.local/share/Steam/steamapps/compatdata/3371625244/pfx/dosdevices/c:/windows/temp/jun2008_xact_x86.cab: WARNING; possible 5960 extra bytes at end of file.
Executing cabextract -q -d /var/home/puppy/.local/share/Steam/steamapps/compatdata/3371625244/pfx/dosdevices/c:/windows/syswow64 -L -F xaudio*.dll /var/home/puppy/.local/share/Steam/steamapps/compatdata/3371625244/pfx/dosdevices/c:/windows/temp/jun2008_xact_x86.cab
/var/home/puppy/.local/share/Steam/steamapps/compatdata/3371625244/pfx/dosdevices/c:/windows/temp/jun2008_xact_x86.cab: WARNING; possible 5960 extra bytes at end of file.
Executing cabextract -q -d /var/home/puppy/.local/share/Steam/steamapps/compatdata/3371625244/pfx/dosdevices/c:/windows/syswow64 -L -F x3daudio*.dll /var/home/puppy/.local/share/Steam/steamapps/compatdata/3371625244/pfx/dosdevices/c:/windows/temp/jun2008_xact_x86.cab
/var/home/puppy/.local/share/Steam/steamapps/compatdata/3371625244/pfx/dosdevices/c:/windows/temp/jun2008_xact_x86.cab: WARNING; possible 5960 extra bytes at end of file.
Executing cabextract -q -d /var/home/puppy/.local/share/Steam/steamapps/compatdata/3371625244/pfx/dosdevices/c:/windows/syswow64 -L -F xapofx*.dll /var/home/puppy/.local/share/Steam/steamapps/compatdata/3371625244/pfx/dosdevices/c:/windows/temp/jun2008_xact_x86.cab
/var/home/puppy/.local/share/Steam/steamapps/compatdata/3371625244/pfx/dosdevices/c:/windows/temp/jun2008_xact_x86.cab: WARNING; possible 5960 extra bytes at end of file.
Executing cabextract -q -d /var/home/puppy/.local/share/Steam/steamapps/compatdata/3371625244/pfx/dosdevices/c:/windows/syswow64 -L -F xactengine*.dll /var/home/puppy/.local/share/Steam/steamapps/compatdata/3371625244/pfx/dosdevices/c:/windows/temp/jun2008_xaudio_x86.cab
/var/home/puppy/.local/share/Steam/steamapps/compatdata/3371625244/pfx/dosdevices/c:/windows/temp/jun2008_xaudio_x86.cab: WARNING; possible 5960 extra bytes at end of file.
Executing cabextract -q -d /var/home/puppy/.local/share/Steam/steamapps/compatdata/3371625244/pfx/dosdevices/c:/windows/syswow64 -L -F xaudio*.dll /var/home/puppy/.local/share/Steam/steamapps/compatdata/3371625244/pfx/dosdevices/c:/windows/temp/jun2008_xaudio_x86.cab
/var/home/puppy/.local/share/Steam/steamapps/compatdata/3371625244/pfx/dosdevices/c:/windows/temp/jun2008_xaudio_x86.cab: WARNING; possible 5960 extra bytes at end of file.
Executing cabextract -q -d /var/home/puppy/.local/share/Steam/steamapps/compatdata/3371625244/pfx/dosdevices/c:/windows/syswow64 -L -F x3daudio*.dll /var/home/puppy/.local/share/Steam/steamapps/compatdata/3371625244/pfx/dosdevices/c:/windows/temp/jun2008_xaudio_x86.cab
/var/home/puppy/.local/share/Steam/steamapps/compatdata/3371625244/pfx/dosdevices/c:/windows/temp/jun2008_xaudio_x86.cab: WARNING; possible 5960 extra bytes at end of file.
Executing cabextract -q -d /var/home/puppy/.local/share/Steam/steamapps/compatdata/3371625244/pfx/dosdevices/c:/windows/syswow64 -L -F xapofx*.dll /var/home/puppy/.local/share/Steam/steamapps/compatdata/3371625244/pfx/dosdevices/c:/windows/temp/jun2008_xaudio_x86.cab
/var/home/puppy/.local/share/Steam/steamapps/compatdata/3371625244/pfx/dosdevices/c:/windows/temp/jun2008_xaudio_x86.cab: WARNING; possible 5960 extra bytes at end of file.
Executing cabextract -q -d /var/home/puppy/.local/share/Steam/steamapps/compatdata/3371625244/pfx/dosdevices/c:/windows/syswow64 -L -F xactengine*.dll /var/home/puppy/.local/share/Steam/steamapps/compatdata/3371625244/pfx/dosdevices/c:/windows/temp/jun2010_xact_x86.cab
/var/home/puppy/.local/share/Steam/steamapps/compatdata/3371625244/pfx/dosdevices/c:/windows/temp/jun2010_xact_x86.cab: WARNING; possible 5960 extra bytes at end of file.
Executing cabextract -q -d /var/home/puppy/.local/share/Steam/steamapps/compatdata/3371625244/pfx/dosdevices/c:/windows/syswow64 -L -F xaudio*.dll /var/home/puppy/.local/share/Steam/steamapps/compatdata/3371625244/pfx/dosdevices/c:/windows/temp/jun2010_xact_x86.cab
/var/home/puppy/.local/share/Steam/steamapps/compatdata/3371625244/pfx/dosdevices/c:/windows/temp/jun2010_xact_x86.cab: WARNING; possible 5960 extra bytes at end of file.
Executing cabextract -q -d /var/home/puppy/.local/share/Steam/steamapps/compatdata/3371625244/pfx/dosdevices/c:/windows/syswow64 -L -F x3daudio*.dll /var/home/puppy/.local/share/Steam/steamapps/compatdata/3371625244/pfx/dosdevices/c:/windows/temp/jun2010_xact_x86.cab
/var/home/puppy/.local/share/Steam/steamapps/compatdata/3371625244/pfx/dosdevices/c:/windows/temp/jun2010_xact_x86.cab: WARNING; possible 5960 extra bytes at end of file.
Executing cabextract -q -d /var/home/puppy/.local/share/Steam/steamapps/compatdata/3371625244/pfx/dosdevices/c:/windows/syswow64 -L -F xapofx*.dll /var/home/puppy/.local/share/Steam/steamapps/compatdata/3371625244/pfx/dosdevices/c:/windows/temp/jun2010_xact_x86.cab
/var/home/puppy/.local/share/Steam/steamapps/compatdata/3371625244/pfx/dosdevices/c:/windows/temp/jun2010_xact_x86.cab: WARNING; possible 5960 extra bytes at end of file.
Executing cabextract -q -d /var/home/puppy/.local/share/Steam/steamapps/compatdata/3371625244/pfx/dosdevices/c:/windows/syswow64 -L -F xactengine*.dll /var/home/puppy/.local/share/Steam/steamapps/compatdata/3371625244/pfx/dosdevices/c:/windows/temp/jun2010_xaudio_x86.cab
/var/home/puppy/.local/share/Steam/steamapps/compatdata/3371625244/pfx/dosdevices/c:/windows/temp/jun2010_xaudio_x86.cab: WARNING; possible 5960 extra bytes at end of file.
Executing cabextract -q -d /var/home/puppy/.local/share/Steam/steamapps/compatdata/3371625244/pfx/dosdevices/c:/windows/syswow64 -L -F xaudio*.dll /var/home/puppy/.local/share/Steam/steamapps/compatdata/3371625244/pfx/dosdevices/c:/windows/temp/jun2010_xaudio_x86.cab
/var/home/puppy/.local/share/Steam/steamapps/compatdata/3371625244/pfx/dosdevices/c:/windows/temp/jun2010_xaudio_x86.cab: WARNING; possible 5960 extra bytes at end of file.
Executing cabextract -q -d /var/home/puppy/.local/share/Steam/steamapps/compatdata/3371625244/pfx/dosdevices/c:/windows/syswow64 -L -F x3daudio*.dll /var/home/puppy/.local/share/Steam/steamapps/compatdata/3371625244/pfx/dosdevices/c:/windows/temp/jun2010_xaudio_x86.cab
/var/home/puppy/.local/share/Steam/steamapps/compatdata/3371625244/pfx/dosdevices/c:/windows/temp/jun2010_xaudio_x86.cab: WARNING; possible 5960 extra bytes at end of file.
Executing cabextract -q -d /var/home/puppy/.local/share/Steam/steamapps/compatdata/3371625244/pfx/dosdevices/c:/windows/syswow64 -L -F xapofx*.dll /var/home/puppy/.local/share/Steam/steamapps/compatdata/3371625244/pfx/dosdevices/c:/windows/temp/jun2010_xaudio_x86.cab
/var/home/puppy/.local/share/Steam/steamapps/compatdata/3371625244/pfx/dosdevices/c:/windows/temp/jun2010_xaudio_x86.cab: WARNING; possible 5960 extra bytes at end of file.
Executing cabextract -q -d /var/home/puppy/.local/share/Steam/steamapps/compatdata/3371625244/pfx/dosdevices/c:/windows/syswow64 -L -F xactengine*.dll /var/home/puppy/.local/share/Steam/steamapps/compatdata/3371625244/pfx/dosdevices/c:/windows/temp/mar2008_x3daudio_x86.cab
/var/home/puppy/.local/share/Steam/steamapps/compatdata/3371625244/pfx/dosdevices/c:/windows/temp/mar2008_x3daudio_x86.cab: WARNING; possible 5960 extra bytes at end of file.
Executing cabextract -q -d /var/home/puppy/.local/share/Steam/steamapps/compatdata/3371625244/pfx/dosdevices/c:/windows/syswow64 -L -F xaudio*.dll /var/home/puppy/.local/share/Steam/steamapps/compatdata/3371625244/pfx/dosdevices/c:/windows/temp/mar2008_x3daudio_x86.cab
/var/home/puppy/.local/share/Steam/steamapps/compatdata/3371625244/pfx/dosdevices/c:/windows/temp/mar2008_x3daudio_x86.cab: WARNING; possible 5960 extra bytes at end of file.
Executing cabextract -q -d /var/home/puppy/.local/share/Steam/steamapps/compatdata/3371625244/pfx/dosdevices/c:/windows/syswow64 -L -F x3daudio*.dll /var/home/puppy/.local/share/Steam/steamapps/compatdata/3371625244/pfx/dosdevices/c:/windows/temp/mar2008_x3daudio_x86.cab
/var/home/puppy/.local/share/Steam/steamapps/compatdata/3371625244/pfx/dosdevices/c:/windows/temp/mar2008_x3daudio_x86.cab: WARNING; possible 5960 extra bytes at end of file.
Executing cabextract -q -d /var/home/puppy/.local/share/Steam/steamapps/compatdata/3371625244/pfx/dosdevices/c:/windows/syswow64 -L -F xapofx*.dll /var/home/puppy/.local/share/Steam/steamapps/compatdata/3371625244/pfx/dosdevices/c:/windows/temp/mar2008_x3daudio_x86.cab
/var/home/puppy/.local/share/Steam/steamapps/compatdata/3371625244/pfx/dosdevices/c:/windows/temp/mar2008_x3daudio_x86.cab: WARNING; possible 5960 extra bytes at end of file.
Executing cabextract -q -d /var/home/puppy/.local/share/Steam/steamapps/compatdata/3371625244/pfx/dosdevices/c:/windows/syswow64 -L -F xactengine*.dll /var/home/puppy/.local/share/Steam/steamapps/compatdata/3371625244/pfx/dosdevices/c:/windows/temp/mar2008_xact_x86.cab
/var/home/puppy/.local/share/Steam/steamapps/compatdata/3371625244/pfx/dosdevices/c:/windows/temp/mar2008_xact_x86.cab: WARNING; possible 5960 extra bytes at end of file.
Executing cabextract -q -d /var/home/puppy/.local/share/Steam/steamapps/compatdata/3371625244/pfx/dosdevices/c:/windows/syswow64 -L -F xaudio*.dll /var/home/puppy/.local/share/Steam/steamapps/compatdata/3371625244/pfx/dosdevices/c:/windows/temp/mar2008_xact_x86.cab
/var/home/puppy/.local/share/Steam/steamapps/compatdata/3371625244/pfx/dosdevices/c:/windows/temp/mar2008_xact_x86.cab: WARNING; possible 5960 extra bytes at end of file.
Executing cabextract -q -d /var/home/puppy/.local/share/Steam/steamapps/compatdata/3371625244/pfx/dosdevices/c:/windows/syswow64 -L -F x3daudio*.dll /var/home/puppy/.local/share/Steam/steamapps/compatdata/3371625244/pfx/dosdevices/c:/windows/temp/mar2008_xact_x86.cab
/var/home/puppy/.local/share/Steam/steamapps/compatdata/3371625244/pfx/dosdevices/c:/windows/temp/mar2008_xact_x86.cab: WARNING; possible 5960 extra bytes at end of file.
Executing cabextract -q -d /var/home/puppy/.local/share/Steam/steamapps/compatdata/3371625244/pfx/dosdevices/c:/windows/syswow64 -L -F xapofx*.dll /var/home/puppy/.local/share/Steam/steamapps/compatdata/3371625244/pfx/dosdevices/c:/windows/temp/mar2008_xact_x86.cab
/var/home/puppy/.local/share/Steam/steamapps/compatdata/3371625244/pfx/dosdevices/c:/windows/temp/mar2008_xact_x86.cab: WARNING; possible 5960 extra bytes at end of file.
Executing cabextract -q -d /var/home/puppy/.local/share/Steam/steamapps/compatdata/3371625244/pfx/dosdevices/c:/windows/syswow64 -L -F xactengine*.dll /var/home/puppy/.local/share/Steam/steamapps/compatdata/3371625244/pfx/dosdevices/c:/windows/temp/mar2008_xaudio_x86.cab
/var/home/puppy/.local/share/Steam/steamapps/compatdata/3371625244/pfx/dosdevices/c:/windows/temp/mar2008_xaudio_x86.cab: WARNING; possible 5960 extra bytes at end of file.
Executing cabextract -q -d /var/home/puppy/.local/share/Steam/steamapps/compatdata/3371625244/pfx/dosdevices/c:/windows/syswow64 -L -F xaudio*.dll /var/home/puppy/.local/share/Steam/steamapps/compatdata/3371625244/pfx/dosdevices/c:/windows/temp/mar2008_xaudio_x86.cab
/var/home/puppy/.local/share/Steam/steamapps/compatdata/3371625244/pfx/dosdevices/c:/windows/temp/mar2008_xaudio_x86.cab: WARNING; possible 5960 extra bytes at end of file.
Executing cabextract -q -d /var/home/puppy/.local/share/Steam/steamapps/compatdata/3371625244/pfx/dosdevices/c:/windows/syswow64 -L -F x3daudio*.dll /var/home/puppy/.local/share/Steam/steamapps/compatdata/3371625244/pfx/dosdevices/c:/windows/temp/mar2008_xaudio_x86.cab
/var/home/puppy/.local/share/Steam/steamapps/compatdata/3371625244/pfx/dosdevices/c:/windows/temp/mar2008_xaudio_x86.cab: WARNING; possible 5960 extra bytes at end of file.
Executing cabextract -q -d /var/home/puppy/.local/share/Steam/steamapps/compatdata/3371625244/pfx/dosdevices/c:/windows/syswow64 -L -F xapofx*.dll /var/home/puppy/.local/share/Steam/steamapps/compatdata/3371625244/pfx/dosdevices/c:/windows/temp/mar2008_xaudio_x86.cab
/var/home/puppy/.local/share/Steam/steamapps/compatdata/3371625244/pfx/dosdevices/c:/windows/temp/mar2008_xaudio_x86.cab: WARNING; possible 5960 extra bytes at end of file.
Executing cabextract -q -d /var/home/puppy/.local/share/Steam/steamapps/compatdata/3371625244/pfx/dosdevices/c:/windows/syswow64 -L -F xactengine*.dll /var/home/puppy/.local/share/Steam/steamapps/compatdata/3371625244/pfx/dosdevices/c:/windows/temp/mar2009_x3daudio_x86.cab
/var/home/puppy/.local/share/Steam/steamapps/compatdata/3371625244/pfx/dosdevices/c:/windows/temp/mar2009_x3daudio_x86.cab: WARNING; possible 5960 extra bytes at end of file.
Executing cabextract -q -d /var/home/puppy/.local/share/Steam/steamapps/compatdata/3371625244/pfx/dosdevices/c:/windows/syswow64 -L -F xaudio*.dll /var/home/puppy/.local/share/Steam/steamapps/compatdata/3371625244/pfx/dosdevices/c:/windows/temp/mar2009_x3daudio_x86.cab
/var/home/puppy/.local/share/Steam/steamapps/compatdata/3371625244/pfx/dosdevices/c:/windows/temp/mar2009_x3daudio_x86.cab: WARNING; possible 5960 extra bytes at end of file.
Executing cabextract -q -d /var/home/puppy/.local/share/Steam/steamapps/compatdata/3371625244/pfx/dosdevices/c:/windows/syswow64 -L -F x3daudio*.dll /var/home/puppy/.local/share/Steam/steamapps/compatdata/3371625244/pfx/dosdevices/c:/windows/temp/mar2009_x3daudio_x86.cab
/var/home/puppy/.local/share/Steam/steamapps/compatdata/3371625244/pfx/dosdevices/c:/windows/temp/mar2009_x3daudio_x86.cab: WARNING; possible 5960 extra bytes at end of file.
Executing cabextract -q -d /var/home/puppy/.local/share/Steam/steamapps/compatdata/3371625244/pfx/dosdevices/c:/windows/syswow64 -L -F xapofx*.dll /var/home/puppy/.local/share/Steam/steamapps/compatdata/3371625244/pfx/dosdevices/c:/windows/temp/mar2009_x3daudio_x86.cab
/var/home/puppy/.local/share/Steam/steamapps/compatdata/3371625244/pfx/dosdevices/c:/windows/temp/mar2009_x3daudio_x86.cab: WARNING; possible 5960 extra bytes at end of file.
Executing cabextract -q -d /var/home/puppy/.local/share/Steam/steamapps/compatdata/3371625244/pfx/dosdevices/c:/windows/syswow64 -L -F xactengine*.dll /var/home/puppy/.local/share/Steam/steamapps/compatdata/3371625244/pfx/dosdevices/c:/windows/temp/mar2009_xact_x86.cab
/var/home/puppy/.local/share/Steam/steamapps/compatdata/3371625244/pfx/dosdevices/c:/windows/temp/mar2009_xact_x86.cab: WARNING; possible 5960 extra bytes at end of file.
Executing cabextract -q -d /var/home/puppy/.local/share/Steam/steamapps/compatdata/3371625244/pfx/dosdevices/c:/windows/syswow64 -L -F xaudio*.dll /var/home/puppy/.local/share/Steam/steamapps/compatdata/3371625244/pfx/dosdevices/c:/windows/temp/mar2009_xact_x86.cab
/var/home/puppy/.local/share/Steam/steamapps/compatdata/3371625244/pfx/dosdevices/c:/windows/temp/mar2009_xact_x86.cab: WARNING; possible 5960 extra bytes at end of file.
Executing cabextract -q -d /var/home/puppy/.local/share/Steam/steamapps/compatdata/3371625244/pfx/dosdevices/c:/windows/syswow64 -L -F x3daudio*.dll /var/home/puppy/.local/share/Steam/steamapps/compatdata/3371625244/pfx/dosdevices/c:/windows/temp/mar2009_xact_x86.cab
/var/home/puppy/.local/share/Steam/steamapps/compatdata/3371625244/pfx/dosdevices/c:/windows/temp/mar2009_xact_x86.cab: WARNING; possible 5960 extra bytes at end of file.
Executing cabextract -q -d /var/home/puppy/.local/share/Steam/steamapps/compatdata/3371625244/pfx/dosdevices/c:/windows/syswow64 -L -F xapofx*.dll /var/home/puppy/.local/share/Steam/steamapps/compatdata/3371625244/pfx/dosdevices/c:/windows/temp/mar2009_xact_x86.cab
/var/home/puppy/.local/share/Steam/steamapps/compatdata/3371625244/pfx/dosdevices/c:/windows/temp/mar2009_xact_x86.cab: WARNING; possible 5960 extra bytes at end of file.
Executing cabextract -q -d /var/home/puppy/.local/share/Steam/steamapps/compatdata/3371625244/pfx/dosdevices/c:/windows/syswow64 -L -F xactengine*.dll /var/home/puppy/.local/share/Steam/steamapps/compatdata/3371625244/pfx/dosdevices/c:/windows/temp/mar2009_xaudio_x86.cab
/var/home/puppy/.local/share/Steam/steamapps/compatdata/3371625244/pfx/dosdevices/c:/windows/temp/mar2009_xaudio_x86.cab: WARNING; possible 5960 extra bytes at end of file.
Executing cabextract -q -d /var/home/puppy/.local/share/Steam/steamapps/compatdata/3371625244/pfx/dosdevices/c:/windows/syswow64 -L -F xaudio*.dll /var/home/puppy/.local/share/Steam/steamapps/compatdata/3371625244/pfx/dosdevices/c:/windows/temp/mar2009_xaudio_x86.cab
/var/home/puppy/.local/share/Steam/steamapps/compatdata/3371625244/pfx/dosdevices/c:/windows/temp/mar2009_xaudio_x86.cab: WARNING; possible 5960 extra bytes at end of file.
Executing cabextract -q -d /var/home/puppy/.local/share/Steam/steamapps/compatdata/3371625244/pfx/dosdevices/c:/windows/syswow64 -L -F x3daudio*.dll /var/home/puppy/.local/share/Steam/steamapps/compatdata/3371625244/pfx/dosdevices/c:/windows/temp/mar2009_xaudio_x86.cab
/var/home/puppy/.local/share/Steam/steamapps/compatdata/3371625244/pfx/dosdevices/c:/windows/temp/mar2009_xaudio_x86.cab: WARNING; possible 5960 extra bytes at end of file.
Executing cabextract -q -d /var/home/puppy/.local/share/Steam/steamapps/compatdata/3371625244/pfx/dosdevices/c:/windows/syswow64 -L -F xapofx*.dll /var/home/puppy/.local/share/Steam/steamapps/compatdata/3371625244/pfx/dosdevices/c:/windows/temp/mar2009_xaudio_x86.cab
/var/home/puppy/.local/share/Steam/steamapps/compatdata/3371625244/pfx/dosdevices/c:/windows/temp/mar2009_xaudio_x86.cab: WARNING; possible 5960 extra bytes at end of file.
Executing cabextract -q -d /var/home/puppy/.local/share/Steam/steamapps/compatdata/3371625244/pfx/dosdevices/c:/windows/syswow64 -L -F xactengine*.dll /var/home/puppy/.local/share/Steam/steamapps/compatdata/3371625244/pfx/dosdevices/c:/windows/temp/nov2007_x3daudio_x86.cab
/var/home/puppy/.local/share/Steam/steamapps/compatdata/3371625244/pfx/dosdevices/c:/windows/temp/nov2007_x3daudio_x86.cab: WARNING; possible 5960 extra bytes at end of file.
Executing cabextract -q -d /var/home/puppy/.local/share/Steam/steamapps/compatdata/3371625244/pfx/dosdevices/c:/windows/syswow64 -L -F xaudio*.dll /var/home/puppy/.local/share/Steam/steamapps/compatdata/3371625244/pfx/dosdevices/c:/windows/temp/nov2007_x3daudio_x86.cab
/var/home/puppy/.local/share/Steam/steamapps/compatdata/3371625244/pfx/dosdevices/c:/windows/temp/nov2007_x3daudio_x86.cab: WARNING; possible 5960 extra bytes at end of file.
Executing cabextract -q -d /var/home/puppy/.local/share/Steam/steamapps/compatdata/3371625244/pfx/dosdevices/c:/windows/syswow64 -L -F x3daudio*.dll /var/home/puppy/.local/share/Steam/steamapps/compatdata/3371625244/pfx/dosdevices/c:/windows/temp/nov2007_x3daudio_x86.cab
/var/home/puppy/.local/share/Steam/steamapps/compatdata/3371625244/pfx/dosdevices/c:/windows/temp/nov2007_x3daudio_x86.cab: WARNING; possible 5960 extra bytes at end of file.
Executing cabextract -q -d /var/home/puppy/.local/share/Steam/steamapps/compatdata/3371625244/pfx/dosdevices/c:/windows/syswow64 -L -F xapofx*.dll /var/home/puppy/.local/share/Steam/steamapps/compatdata/3371625244/pfx/dosdevices/c:/windows/temp/nov2007_x3daudio_x86.cab
/var/home/puppy/.local/share/Steam/steamapps/compatdata/3371625244/pfx/dosdevices/c:/windows/temp/nov2007_x3daudio_x86.cab: WARNING; possible 5960 extra bytes at end of file.
Executing cabextract -q -d /var/home/puppy/.local/share/Steam/steamapps/compatdata/3371625244/pfx/dosdevices/c:/windows/syswow64 -L -F xactengine*.dll /var/home/puppy/.local/share/Steam/steamapps/compatdata/3371625244/pfx/dosdevices/c:/windows/temp/nov2007_xact_x86.cab
/var/home/puppy/.local/share/Steam/steamapps/compatdata/3371625244/pfx/dosdevices/c:/windows/temp/nov2007_xact_x86.cab: WARNING; possible 5960 extra bytes at end of file.
Executing cabextract -q -d /var/home/puppy/.local/share/Steam/steamapps/compatdata/3371625244/pfx/dosdevices/c:/windows/syswow64 -L -F xaudio*.dll /var/home/puppy/.local/share/Steam/steamapps/compatdata/3371625244/pfx/dosdevices/c:/windows/temp/nov2007_xact_x86.cab
/var/home/puppy/.local/share/Steam/steamapps/compatdata/3371625244/pfx/dosdevices/c:/windows/temp/nov2007_xact_x86.cab: WARNING; possible 5960 extra bytes at end of file.
Executing cabextract -q -d /var/home/puppy/.local/share/Steam/steamapps/compatdata/3371625244/pfx/dosdevices/c:/windows/syswow64 -L -F x3daudio*.dll /var/home/puppy/.local/share/Steam/steamapps/compatdata/3371625244/pfx/dosdevices/c:/windows/temp/nov2007_xact_x86.cab
/var/home/puppy/.local/share/Steam/steamapps/compatdata/3371625244/pfx/dosdevices/c:/windows/temp/nov2007_xact_x86.cab: WARNING; possible 5960 extra bytes at end of file.
Executing cabextract -q -d /var/home/puppy/.local/share/Steam/steamapps/compatdata/3371625244/pfx/dosdevices/c:/windows/syswow64 -L -F xapofx*.dll /var/home/puppy/.local/share/Steam/steamapps/compatdata/3371625244/pfx/dosdevices/c:/windows/temp/nov2007_xact_x86.cab
/var/home/puppy/.local/share/Steam/steamapps/compatdata/3371625244/pfx/dosdevices/c:/windows/temp/nov2007_xact_x86.cab: WARNING; possible 5960 extra bytes at end of file.
Executing cabextract -q -d /var/home/puppy/.local/share/Steam/steamapps/compatdata/3371625244/pfx/dosdevices/c:/windows/syswow64 -L -F xactengine*.dll /var/home/puppy/.local/share/Steam/steamapps/compatdata/3371625244/pfx/dosdevices/c:/windows/temp/nov2008_x3daudio_x86.cab
/var/home/puppy/.local/share/Steam/steamapps/compatdata/3371625244/pfx/dosdevices/c:/windows/temp/nov2008_x3daudio_x86.cab: WARNING; possible 5960 extra bytes at end of file.
Executing cabextract -q -d /var/home/puppy/.local/share/Steam/steamapps/compatdata/3371625244/pfx/dosdevices/c:/windows/syswow64 -L -F xaudio*.dll /var/home/puppy/.local/share/Steam/steamapps/compatdata/3371625244/pfx/dosdevices/c:/windows/temp/nov2008_x3daudio_x86.cab
/var/home/puppy/.local/share/Steam/steamapps/compatdata/3371625244/pfx/dosdevices/c:/windows/temp/nov2008_x3daudio_x86.cab: WARNING; possible 5960 extra bytes at end of file.
Executing cabextract -q -d /var/home/puppy/.local/share/Steam/steamapps/compatdata/3371625244/pfx/dosdevices/c:/windows/syswow64 -L -F x3daudio*.dll /var/home/puppy/.local/share/Steam/steamapps/compatdata/3371625244/pfx/dosdevices/c:/windows/temp/nov2008_x3daudio_x86.cab
/var/home/puppy/.local/share/Steam/steamapps/compatdata/3371625244/pfx/dosdevices/c:/windows/temp/nov2008_x3daudio_x86.cab: WARNING; possible 5960 extra bytes at end of file.
Executing cabextract -q -d /var/home/puppy/.local/share/Steam/steamapps/compatdata/3371625244/pfx/dosdevices/c:/windows/syswow64 -L -F xapofx*.dll /var/home/puppy/.local/share/Steam/steamapps/compatdata/3371625244/pfx/dosdevices/c:/windows/temp/nov2008_x3daudio_x86.cab
/var/home/puppy/.local/share/Steam/steamapps/compatdata/3371625244/pfx/dosdevices/c:/windows/temp/nov2008_x3daudio_x86.cab: WARNING; possible 5960 extra bytes at end of file.
Executing cabextract -q -d /var/home/puppy/.local/share/Steam/steamapps/compatdata/3371625244/pfx/dosdevices/c:/windows/syswow64 -L -F xactengine*.dll /var/home/puppy/.local/share/Steam/steamapps/compatdata/3371625244/pfx/dosdevices/c:/windows/temp/nov2008_xact_x86.cab
/var/home/puppy/.local/share/Steam/steamapps/compatdata/3371625244/pfx/dosdevices/c:/windows/temp/nov2008_xact_x86.cab: WARNING; possible 5960 extra bytes at end of file.
Executing cabextract -q -d /var/home/puppy/.local/share/Steam/steamapps/compatdata/3371625244/pfx/dosdevices/c:/windows/syswow64 -L -F xaudio*.dll /var/home/puppy/.local/share/Steam/steamapps/compatdata/3371625244/pfx/dosdevices/c:/windows/temp/nov2008_xact_x86.cab
/var/home/puppy/.local/share/Steam/steamapps/compatdata/3371625244/pfx/dosdevices/c:/windows/temp/nov2008_xact_x86.cab: WARNING; possible 5960 extra bytes at end of file.
Executing cabextract -q -d /var/home/puppy/.local/share/Steam/steamapps/compatdata/3371625244/pfx/dosdevices/c:/windows/syswow64 -L -F x3daudio*.dll /var/home/puppy/.local/share/Steam/steamapps/compatdata/3371625244/pfx/dosdevices/c:/windows/temp/nov2008_xact_x86.cab
/var/home/puppy/.local/share/Steam/steamapps/compatdata/3371625244/pfx/dosdevices/c:/windows/temp/nov2008_xact_x86.cab: WARNING; possible 5960 extra bytes at end of file.
Executing cabextract -q -d /var/home/puppy/.local/share/Steam/steamapps/compatdata/3371625244/pfx/dosdevices/c:/windows/syswow64 -L -F xapofx*.dll /var/home/puppy/.local/share/Steam/steamapps/compatdata/3371625244/pfx/dosdevices/c:/windows/temp/nov2008_xact_x86.cab
/var/home/puppy/.local/share/Steam/steamapps/compatdata/3371625244/pfx/dosdevices/c:/windows/temp/nov2008_xact_x86.cab: WARNING; possible 5960 extra bytes at end of file.
Executing cabextract -q -d /var/home/puppy/.local/share/Steam/steamapps/compatdata/3371625244/pfx/dosdevices/c:/windows/syswow64 -L -F xactengine*.dll /var/home/puppy/.local/share/Steam/steamapps/compatdata/3371625244/pfx/dosdevices/c:/windows/temp/nov2008_xaudio_x86.cab
/var/home/puppy/.local/share/Steam/steamapps/compatdata/3371625244/pfx/dosdevices/c:/windows/temp/nov2008_xaudio_x86.cab: WARNING; possible 5960 extra bytes at end of file.
Executing cabextract -q -d /var/home/puppy/.local/share/Steam/steamapps/compatdata/3371625244/pfx/dosdevices/c:/windows/syswow64 -L -F xaudio*.dll /var/home/puppy/.local/share/Steam/steamapps/compatdata/3371625244/pfx/dosdevices/c:/windows/temp/nov2008_xaudio_x86.cab
/var/home/puppy/.local/share/Steam/steamapps/compatdata/3371625244/pfx/dosdevices/c:/windows/temp/nov2008_xaudio_x86.cab: WARNING; possible 5960 extra bytes at end of file.
Executing cabextract -q -d /var/home/puppy/.local/share/Steam/steamapps/compatdata/3371625244/pfx/dosdevices/c:/windows/syswow64 -L -F x3daudio*.dll /var/home/puppy/.local/share/Steam/steamapps/compatdata/3371625244/pfx/dosdevices/c:/windows/temp/nov2008_xaudio_x86.cab
/var/home/puppy/.local/share/Steam/steamapps/compatdata/3371625244/pfx/dosdevices/c:/windows/temp/nov2008_xaudio_x86.cab: WARNING; possible 5960 extra bytes at end of file.
Executing cabextract -q -d /var/home/puppy/.local/share/Steam/steamapps/compatdata/3371625244/pfx/dosdevices/c:/windows/syswow64 -L -F xapofx*.dll /var/home/puppy/.local/share/Steam/steamapps/compatdata/3371625244/pfx/dosdevices/c:/windows/temp/nov2008_xaudio_x86.cab
/var/home/puppy/.local/share/Steam/steamapps/compatdata/3371625244/pfx/dosdevices/c:/windows/temp/nov2008_xaudio_x86.cab: WARNING; possible 5960 extra bytes at end of file.
Executing cabextract -q -d /var/home/puppy/.local/share/Steam/steamapps/compatdata/3371625244/pfx/dosdevices/c:/windows/syswow64 -L -F xactengine*.dll /var/home/puppy/.local/share/Steam/steamapps/compatdata/3371625244/pfx/dosdevices/c:/windows/temp/oct2006_xact_x86.cab
/var/home/puppy/.local/share/Steam/steamapps/compatdata/3371625244/pfx/dosdevices/c:/windows/temp/oct2006_xact_x86.cab: WARNING; possible 5960 extra bytes at end of file.
Executing cabextract -q -d /var/home/puppy/.local/share/Steam/steamapps/compatdata/3371625244/pfx/dosdevices/c:/windows/syswow64 -L -F xaudio*.dll /var/home/puppy/.local/share/Steam/steamapps/compatdata/3371625244/pfx/dosdevices/c:/windows/temp/oct2006_xact_x86.cab
/var/home/puppy/.local/share/Steam/steamapps/compatdata/3371625244/pfx/dosdevices/c:/windows/temp/oct2006_xact_x86.cab: WARNING; possible 5960 extra bytes at end of file.
Executing cabextract -q -d /var/home/puppy/.local/share/Steam/steamapps/compatdata/3371625244/pfx/dosdevices/c:/windows/syswow64 -L -F x3daudio*.dll /var/home/puppy/.local/share/Steam/steamapps/compatdata/3371625244/pfx/dosdevices/c:/windows/temp/oct2006_xact_x86.cab
/var/home/puppy/.local/share/Steam/steamapps/compatdata/3371625244/pfx/dosdevices/c:/windows/temp/oct2006_xact_x86.cab: WARNING; possible 5960 extra bytes at end of file.
Executing cabextract -q -d /var/home/puppy/.local/share/Steam/steamapps/compatdata/3371625244/pfx/dosdevices/c:/windows/syswow64 -L -F xapofx*.dll /var/home/puppy/.local/share/Steam/steamapps/compatdata/3371625244/pfx/dosdevices/c:/windows/temp/oct2006_xact_x86.cab
/var/home/puppy/.local/share/Steam/steamapps/compatdata/3371625244/pfx/dosdevices/c:/windows/temp/oct2006_xact_x86.cab: WARNING; possible 5960 extra bytes at end of file.
Executing /home/puppy/.var/app/com.github.Matoking.protontricks/cache/protontricks/proton/Proton Experimental/bin/wine C:\windows\syswow64\regedit.exe /S C:\windows\Temp\override-dll.reg
fsync: up and running.
Executing /home/puppy/.var/app/com.github.Matoking.protontricks/cache/protontricks/proton/Proton Experimental/bin/wine64 C:\windows\regedit.exe /S C:\windows\Temp\override-dll.reg
wineserver: using server-side synchronization.
Executing /home/puppy/.var/app/com.github.Matoking.protontricks/cache/protontricks/proton/Proton Experimental/bin/wine C:\windows\syswow64\regedit.exe /S C:\windows\Temp\override-dll.reg
wineserver: using server-side synchronization.
Executing /home/puppy/.var/app/com.github.Matoking.protontricks/cache/protontricks/proton/Proton Experimental/bin/wine64 C:\windows\regedit.exe /S C:\windows\Temp\override-dll.reg
wineserver: using server-side synchronization.
Executing /home/puppy/.var/app/com.github.Matoking.protontricks/cache/protontricks/proton/Proton Experimental/bin/wine C:\windows\syswow64\regedit.exe /S C:\windows\Temp\override-dll.reg
wineserver: using server-side synchronization.
Executing /home/puppy/.var/app/com.github.Matoking.protontricks/cache/protontricks/proton/Proton Experimental/bin/wine64 C:\windows\regedit.exe /S C:\windows\Temp\override-dll.reg
wineserver: using server-side synchronization.
Executing /home/puppy/.var/app/com.github.Matoking.protontricks/cache/protontricks/proton/Proton Experimental/bin/wine C:\windows\syswow64\regedit.exe /S C:\windows\Temp\override-dll.reg
wineserver: using server-side synchronization.
Executing /home/puppy/.var/app/com.github.Matoking.protontricks/cache/protontricks/proton/Proton Experimental/bin/wine64 C:\windows\regedit.exe /S C:\windows\Temp\override-dll.reg
wineserver: using server-side synchronization.
Executing /home/puppy/.var/app/com.github.Matoking.protontricks/cache/protontricks/proton/Proton Experimental/bin/wine C:\windows\syswow64\regsvr32.exe /S xactengine2_0.dll
wineserver: using server-side synchronization.
regsvr32: Successfully registered DLL 'xactengine2_0.dll'
Executing /home/puppy/.var/app/com.github.Matoking.protontricks/cache/protontricks/proton/Proton Experimental/bin/wine C:\windows\syswow64\regsvr32.exe /S xactengine2_0.dll.debug
wineserver: using server-side synchronization.
regsvr32: Failed to load DLL 'xactengine2_0.dll.debug'
------------------------------------------------------
warning: Note: command /home/puppy/.var/app/com.github.Matoking.protontricks/cache/protontricks/proton/Proton Experimental/bin/wine C:\windows\syswow64
egsvr32.exe /S xactengine2_0.dll.debug returned status 3. Aborting.
------------------------------------------------------
[WARNING] Retrying component installation (attempt 3/3)...
[DEBUG] Protontricks output: Using winetricks 20250102 (protontricks) - sha256sum: 7b77e5a560c886f9945dc4206f0ea98d099c0fd902ae05681fe988e45f456e3b with wine-10.0 and WINEARCH=win64
Setting font smoothing to rgb
Using native,builtin override for following DLLs: xaudio2_0 xaudio2_1 xaudio2_2 xaudio2_3 xaudio2_4 xaudio2_5 xaudio2_6 xaudio2_7
Using native,builtin override for following DLLs: x3daudio1_0 x3daudio1_1 x3daudio1_2 x3daudio1_3 x3daudio1_4 x3daudio1_5 x3daudio1_6 x3daudio1_7
Using native,builtin override for following DLLs: xapofx1_1 xapofx1_2 xapofx1_3 xapofx1_4 xapofx1_5
Using native,builtin override for following DLLs: xactengine2_0 xactengine2_10 xactengine2_1 xactengine2_2 xactengine2_3 xactengine2_4 xactengine2_5 xactengine2_6 xactengine2_7 xactengine2_8 xactengine2_9 xactengine3_0 xactengine3_1 xactengine3_2 xactengine3_3 xactengine3_4 xactengine3_5 xactengine3_6 xactengine3_7

[ERROR] Protontricks command failed (Attempt 3/3). Return Code: 1
[ERROR] Stdout: Using winetricks 20250102 (protontricks) - sha256sum: 7b77e5a560c886f9945dc4206f0ea98d099c0fd902ae05681fe988e45f456e3b with wine-10.0 and WINEARCH=win64
Setting font smoothing to rgb
Using native,builtin override for following DLLs: xaudio2_0 xaudio2_1 xaudio2_2 xaudio2_3 xaudio2_4 xaudio2_5 xaudio2_6 xaudio2_7
Using native,builtin override for following DLLs: x3daudio1_0 x3daudio1_1 x3daudio1_2 x3daudio1_3 x3daudio1_4 x3daudio1_5 x3daudio1_6 x3daudio1_7
Using native,builtin override for following DLLs: xapofx1_1 xapofx1_2 xapofx1_3 xapofx1_4 xapofx1_5
Using native,builtin override for following DLLs: xactengine2_0 xactengine2_10 xactengine2_1 xactengine2_2 xactengine2_3 xactengine2_4 xactengine2_5 xactengine2_6 xactengine2_7 xactengine2_8 xactengine2_9 xactengine3_0 xactengine3_1 xactengine3_2 xactengine3_3 xactengine3_4 xactengine3_5 xactengine3_6 xactengine3_7
[ERROR] Stderr: protontricks (WARNING): Unknown Flatpak file system permission 'xdg-config/gtk-3.0:ro', ignoring.
protontricks (WARNING): Unknown Flatpak file system permission 'xdg-config/gtk-4.0:ro', ignoring.
protontricks (WARNING): Unknown Flatpak file system permission 'xdg-config/vkBasalt:create', ignoring.
protontricks (WARNING): Unknown Flatpak file system permission 'xdg-config/MangoHud:create', ignoring.
Executing cd /app/bin
Executing w_do_call fontsmooth=rgb
Executing load_fontsmooth rgb
Executing /home/puppy/.var/app/com.github.Matoking.protontricks/cache/protontricks/proton/Proton Experimental/bin/wine C:\windows\syswow64\regedit.exe /S C:\windows\Temp\fontsmooth.reg
fsync: up and running.
Executing /home/puppy/.var/app/com.github.Matoking.protontricks/cache/protontricks/proton/Proton Experimental/bin/wine64 C:\windows\regedit.exe /S C:\windows\Temp\fontsmooth.reg
fsync: up and running.
Executing w_do_call xact
Executing load_xact 
grep: warning: stray \ before /
Executing cabextract -q -d /var/home/puppy/.local/share/Steam/steamapps/compatdata/3371625244/pfx/dosdevices/c:/windows/temp -L -F *_xact_*x86* /home/puppy/.var/app/com.github.Matoking.protontricks/cache/winetricks/directx9/directx_Jun2010_redist.exe
Executing cabextract -q -d /var/home/puppy/.local/share/Steam/steamapps/compatdata/3371625244/pfx/dosdevices/c:/windows/temp -L -F *_x3daudio_*x86* /home/puppy/.var/app/com.github.Matoking.protontricks/cache/winetricks/directx9/directx_Jun2010_redist.exe
Executing cabextract -q -d /var/home/puppy/.local/share/Steam/steamapps/compatdata/3371625244/pfx/dosdevices/c:/windows/temp -L -F *_xaudio_*x86* /home/puppy/.var/app/com.github.Matoking.protontricks/cache/winetricks/directx9/directx_Jun2010_redist.exe
Executing cabextract -q -d /var/home/puppy/.local/share/Steam/steamapps/compatdata/3371625244/pfx/dosdevices/c:/windows/syswow64 -L -F xactengine*.dll /var/home/puppy/.local/share/Steam/steamapps/compatdata/3371625244/pfx/dosdevices/c:/windows/temp/apr2006_xact_x86.cab
/var/home/puppy/.local/share/Steam/steamapps/compatdata/3371625244/pfx/dosdevices/c:/windows/temp/apr2006_xact_x86.cab: WARNING; possible 5960 extra bytes at end of file.
Executing cabextract -q -d /var/home/puppy/.local/share/Steam/steamapps/compatdata/3371625244/pfx/dosdevices/c:/windows/syswow64 -L -F xaudio*.dll /var/home/puppy/.local/share/Steam/steamapps/compatdata/3371625244/pfx/dosdevices/c:/windows/temp/apr2006_xact_x86.cab
/var/home/puppy/.local/share/Steam/steamapps/compatdata/3371625244/pfx/dosdevices/c:/windows/temp/apr2006_xact_x86.cab: WARNING; possible 5960 extra bytes at end of file.
Executing cabextract -q -d /var/home/puppy/.local/share/Steam/steamapps/compatdata/3371625244/pfx/dosdevices/c:/windows/syswow64 -L -F x3daudio*.dll /var/home/puppy/.local/share/Steam/steamapps/compatdata/3371625244/pfx/dosdevices/c:/windows/temp/apr2006_xact_x86.cab
/var/home/puppy/.local/share/Steam/steamapps/compatdata/3371625244/pfx/dosdevices/c:/windows/temp/apr2006_xact_x86.cab: WARNING; possible 5960 extra bytes at end of file.
Executing cabextract -q -d /var/home/puppy/.local/share/Steam/steamapps/compatdata/3371625244/pfx/dosdevices/c:/windows/syswow64 -L -F xapofx*.dll /var/home/puppy/.local/share/Steam/steamapps/compatdata/3371625244/pfx/dosdevices/c:/windows/temp/apr2006_xact_x86.cab
/var/home/puppy/.local/share/Steam/steamapps/compatdata/3371625244/pfx/dosdevices/c:/windows/temp/apr2006_xact_x86.cab: WARNING; possible 5960 extra bytes at end of file.
Executing cabextract -q -d /var/home/puppy/.local/share/Steam/steamapps/compatdata/3371625244/pfx/dosdevices/c:/windows/syswow64 -L -F xactengine*.dll /var/home/puppy/.local/share/Steam/steamapps/compatdata/3371625244/pfx/dosdevices/c:/windows/temp/apr2007_xact_x86.cab
/var/home/puppy/.local/share/Steam/steamapps/compatdata/3371625244/pfx/dosdevices/c:/windows/temp/apr2007_xact_x86.cab: WARNING; possible 5960 extra bytes at end of file.
Executing cabextract -q -d /var/home/puppy/.local/share/Steam/steamapps/compatdata/3371625244/pfx/dosdevices/c:/windows/syswow64 -L -F xaudio*.dll /var/home/puppy/.local/share/Steam/steamapps/compatdata/3371625244/pfx/dosdevices/c:/windows/temp/apr2007_xact_x86.cab
/var/home/puppy/.local/share/Steam/steamapps/compatdata/3371625244/pfx/dosdevices/c:/windows/temp/apr2007_xact_x86.cab: WARNING; possible 5960 extra bytes at end of file.
Executing cabextract -q -d /var/home/puppy/.local/share/Steam/steamapps/compatdata/3371625244/pfx/dosdevices/c:/windows/syswow64 -L -F x3daudio*.dll /var/home/puppy/.local/share/Steam/steamapps/compatdata/3371625244/pfx/dosdevices/c:/windows/temp/apr2007_xact_x86.cab
/var/home/puppy/.local/share/Steam/steamapps/compatdata/3371625244/pfx/dosdevices/c:/windows/temp/apr2007_xact_x86.cab: WARNING; possible 5960 extra bytes at end of file.
Executing cabextract -q -d /var/home/puppy/.local/share/Steam/steamapps/compatdata/3371625244/pfx/dosdevices/c:/windows/syswow64 -L -F xapofx*.dll /var/home/puppy/.local/share/Steam/steamapps/compatdata/3371625244/pfx/dosdevices/c:/windows/temp/apr2007_xact_x86.cab
/var/home/puppy/.local/share/Steam/steamapps/compatdata/3371625244/pfx/dosdevices/c:/windows/temp/apr2007_xact_x86.cab: WARNING; possible 5960 extra bytes at end of file.
Executing cabextract -q -d /var/home/puppy/.local/share/Steam/steamapps/compatdata/3371625244/pfx/dosdevices/c:/windows/syswow64 -L -F xactengine*.dll /var/home/puppy/.local/share/Steam/steamapps/compatdata/3371625244/pfx/dosdevices/c:/windows/temp/aug2006_xact_x86.cab
/var/home/puppy/.local/share/Steam/steamapps/compatdata/3371625244/pfx/dosdevices/c:/windows/temp/aug2006_xact_x86.cab: WARNING; possible 5960 extra bytes at end of file.
Executing cabextract -q -d /var/home/puppy/.local/share/Steam/steamapps/compatdata/3371625244/pfx/dosdevices/c:/windows/syswow64 -L -F xaudio*.dll /var/home/puppy/.local/share/Steam/steamapps/compatdata/3371625244/pfx/dosdevices/c:/windows/temp/aug2006_xact_x86.cab
/var/home/puppy/.local/share/Steam/steamapps/compatdata/3371625244/pfx/dosdevices/c:/windows/temp/aug2006_xact_x86.cab: WARNING; possible 5960 extra bytes at end of file.
Executing cabextract -q -d /var/home/puppy/.local/share/Steam/steamapps/compatdata/3371625244/pfx/dosdevices/c:/windows/syswow64 -L -F x3daudio*.dll /var/home/puppy/.local/share/Steam/steamapps/compatdata/3371625244/pfx/dosdevices/c:/windows/temp/aug2006_xact_x86.cab
/var/home/puppy/.local/share/Steam/steamapps/compatdata/3371625244/pfx/dosdevices/c:/windows/temp/aug2006_xact_x86.cab: WARNING; possible 5960 extra bytes at end of file.
Executing cabextract -q -d /var/home/puppy/.local/share/Steam/steamapps/compatdata/3371625244/pfx/dosdevices/c:/windows/syswow64 -L -F xapofx*.dll /var/home/puppy/.local/share/Steam/steamapps/compatdata/3371625244/pfx/dosdevices/c:/windows/temp/aug2006_xact_x86.cab
/var/home/puppy/.local/share/Steam/steamapps/compatdata/3371625244/pfx/dosdevices/c:/windows/temp/aug2006_xact_x86.cab: WARNING; possible 5960 extra bytes at end of file.
Executing cabextract -q -d /var/home/puppy/.local/share/Steam/steamapps/compatdata/3371625244/pfx/dosdevices/c:/windows/syswow64 -L -F xactengine*.dll /var/home/puppy/.local/share/Steam/steamapps/compatdata/3371625244/pfx/dosdevices/c:/windows/temp/aug2007_xact_x86.cab
/var/home/puppy/.local/share/Steam/steamapps/compatdata/3371625244/pfx/dosdevices/c:/windows/temp/aug2007_xact_x86.cab: WARNING; possible 5960 extra bytes at end of file.
Executing cabextract -q -d /var/home/puppy/.local/share/Steam/steamapps/compatdata/3371625244/pfx/dosdevices/c:/windows/syswow64 -L -F xaudio*.dll /var/home/puppy/.local/share/Steam/steamapps/compatdata/3371625244/pfx/dosdevices/c:/windows/temp/aug2007_xact_x86.cab
/var/home/puppy/.local/share/Steam/steamapps/compatdata/3371625244/pfx/dosdevices/c:/windows/temp/aug2007_xact_x86.cab: WARNING; possible 5960 extra bytes at end of file.
Executing cabextract -q -d /var/home/puppy/.local/share/Steam/steamapps/compatdata/3371625244/pfx/dosdevices/c:/windows/syswow64 -L -F x3daudio*.dll /var/home/puppy/.local/share/Steam/steamapps/compatdata/3371625244/pfx/dosdevices/c:/windows/temp/aug2007_xact_x86.cab
/var/home/puppy/.local/share/Steam/steamapps/compatdata/3371625244/pfx/dosdevices/c:/windows/temp/aug2007_xact_x86.cab: WARNING; possible 5960 extra bytes at end of file.
Executing cabextract -q -d /var/home/puppy/.local/share/Steam/steamapps/compatdata/3371625244/pfx/dosdevices/c:/windows/syswow64 -L -F xapofx*.dll /var/home/puppy/.local/share/Steam/steamapps/compatdata/3371625244/pfx/dosdevices/c:/windows/temp/aug2007_xact_x86.cab
/var/home/puppy/.local/share/Steam/steamapps/compatdata/3371625244/pfx/dosdevices/c:/windows/temp/aug2007_xact_x86.cab: WARNING; possible 5960 extra bytes at end of file.
Executing cabextract -q -d /var/home/puppy/.local/share/Steam/steamapps/compatdata/3371625244/pfx/dosdevices/c:/windows/syswow64 -L -F xactengine*.dll /var/home/puppy/.local/share/Steam/steamapps/compatdata/3371625244/pfx/dosdevices/c:/windows/temp/aug2008_xact_x86.cab
/var/home/puppy/.local/share/Steam/steamapps/compatdata/3371625244/pfx/dosdevices/c:/windows/temp/aug2008_xact_x86.cab: WARNING; possible 5960 extra bytes at end of file.
Executing cabextract -q -d /var/home/puppy/.local/share/Steam/steamapps/compatdata/3371625244/pfx/dosdevices/c:/windows/syswow64 -L -F xaudio*.dll /var/home/puppy/.local/share/Steam/steamapps/compatdata/3371625244/pfx/dosdevices/c:/windows/temp/aug2008_xact_x86.cab
/var/home/puppy/.local/share/Steam/steamapps/compatdata/3371625244/pfx/dosdevices/c:/windows/temp/aug2008_xact_x86.cab: WARNING; possible 5960 extra bytes at end of file.
Executing cabextract -q -d /var/home/puppy/.local/share/Steam/steamapps/compatdata/3371625244/pfx/dosdevices/c:/windows/syswow64 -L -F x3daudio*.dll /var/home/puppy/.local/share/Steam/steamapps/compatdata/3371625244/pfx/dosdevices/c:/windows/temp/aug2008_xact_x86.cab
/var/home/puppy/.local/share/Steam/steamapps/compatdata/3371625244/pfx/dosdevices/c:/windows/temp/aug2008_xact_x86.cab: WARNING; possible 5960 extra bytes at end of file.
Executing cabextract -q -d /var/home/puppy/.local/share/Steam/steamapps/compatdata/3371625244/pfx/dosdevices/c:/windows/syswow64 -L -F xapofx*.dll /var/home/puppy/.local/share/Steam/steamapps/compatdata/3371625244/pfx/dosdevices/c:/windows/temp/aug2008_xact_x86.cab
/var/home/puppy/.local/share/Steam/steamapps/compatdata/3371625244/pfx/dosdevices/c:/windows/temp/aug2008_xact_x86.cab: WARNING; possible 5960 extra bytes at end of file.
Executing cabextract -q -d /var/home/puppy/.local/share/Steam/steamapps/compatdata/3371625244/pfx/dosdevices/c:/windows/syswow64 -L -F xactengine*.dll /var/home/puppy/.local/share/Steam/steamapps/compatdata/3371625244/pfx/dosdevices/c:/windows/temp/aug2008_xaudio_x86.cab
/var/home/puppy/.local/share/Steam/steamapps/compatdata/3371625244/pfx/dosdevices/c:/windows/temp/aug2008_xaudio_x86.cab: WARNING; possible 5960 extra bytes at end of file.
Executing cabextract -q -d /var/home/puppy/.local/share/Steam/steamapps/compatdata/3371625244/pfx/dosdevices/c:/windows/syswow64 -L -F xaudio*.dll /var/home/puppy/.local/share/Steam/steamapps/compatdata/3371625244/pfx/dosdevices/c:/windows/temp/aug2008_xaudio_x86.cab
/var/home/puppy/.local/share/Steam/steamapps/compatdata/3371625244/pfx/dosdevices/c:/windows/temp/aug2008_xaudio_x86.cab: WARNING; possible 5960 extra bytes at end of file.
Executing cabextract -q -d /var/home/puppy/.local/share/Steam/steamapps/compatdata/3371625244/pfx/dosdevices/c:/windows/syswow64 -L -F x3daudio*.dll /var/home/puppy/.local/share/Steam/steamapps/compatdata/3371625244/pfx/dosdevices/c:/windows/temp/aug2008_xaudio_x86.cab
/var/home/puppy/.local/share/Steam/steamapps/compatdata/3371625244/pfx/dosdevices/c:/windows/temp/aug2008_xaudio_x86.cab: WARNING; possible 5960 extra bytes at end of file.
Executing cabextract -q -d /var/home/puppy/.local/share/Steam/steamapps/compatdata/3371625244/pfx/dosdevices/c:/windows/syswow64 -L -F xapofx*.dll /var/home/puppy/.local/share/Steam/steamapps/compatdata/3371625244/pfx/dosdevices/c:/windows/temp/aug2008_xaudio_x86.cab
/var/home/puppy/.local/share/Steam/steamapps/compatdata/3371625244/pfx/dosdevices/c:/windows/temp/aug2008_xaudio_x86.cab: WARNING; possible 5960 extra bytes at end of file.
Executing cabextract -q -d /var/home/puppy/.local/share/Steam/steamapps/compatdata/3371625244/pfx/dosdevices/c:/windows/syswow64 -L -F xactengine*.dll /var/home/puppy/.local/share/Steam/steamapps/compatdata/3371625244/pfx/dosdevices/c:/windows/temp/aug2009_xact_x86.cab
/var/home/puppy/.local/share/Steam/steamapps/compatdata/3371625244/pfx/dosdevices/c:/windows/temp/aug2009_xact_x86.cab: WARNING; possible 5960 extra bytes at end of file.
Executing cabextract -q -d /var/home/puppy/.local/share/Steam/steamapps/compatdata/3371625244/pfx/dosdevices/c:/windows/syswow64 -L -F xaudio*.dll /var/home/puppy/.local/share/Steam/steamapps/compatdata/3371625244/pfx/dosdevices/c:/windows/temp/aug2009_xact_x86.cab
/var/home/puppy/.local/share/Steam/steamapps/compatdata/3371625244/pfx/dosdevices/c:/windows/temp/aug2009_xact_x86.cab: WARNING; possible 5960 extra bytes at end of file.
Executing cabextract -q -d /var/home/puppy/.local/share/Steam/steamapps/compatdata/3371625244/pfx/dosdevices/c:/windows/syswow64 -L -F x3daudio*.dll /var/home/puppy/.local/share/Steam/steamapps/compatdata/3371625244/pfx/dosdevices/c:/windows/temp/aug2009_xact_x86.cab
/var/home/puppy/.local/share/Steam/steamapps/compatdata/3371625244/pfx/dosdevices/c:/windows/temp/aug2009_xact_x86.cab: WARNING; possible 5960 extra bytes at end of file.
Executing cabextract -q -d /var/home/puppy/.local/share/Steam/steamapps/compatdata/3371625244/pfx/dosdevices/c:/windows/syswow64 -L -F xapofx*.dll /var/home/puppy/.local/share/Steam/steamapps/compatdata/3371625244/pfx/dosdevices/c:/windows/temp/aug2009_xact_x86.cab
/var/home/puppy/.local/share/Steam/steamapps/compatdata/3371625244/pfx/dosdevices/c:/windows/temp/aug2009_xact_x86.cab: WARNING; possible 5960 extra bytes at end of file.
Executing cabextract -q -d /var/home/puppy/.local/share/Steam/steamapps/compatdata/3371625244/pfx/dosdevices/c:/windows/syswow64 -L -F xactengine*.dll /var/home/puppy/.local/share/Steam/steamapps/compatdata/3371625244/pfx/dosdevices/c:/windows/temp/aug2009_xaudio_x86.cab
/var/home/puppy/.local/share/Steam/steamapps/compatdata/3371625244/pfx/dosdevices/c:/windows/temp/aug2009_xaudio_x86.cab: WARNING; possible 5960 extra bytes at end of file.
Executing cabextract -q -d /var/home/puppy/.local/share/Steam/steamapps/compatdata/3371625244/pfx/dosdevices/c:/windows/syswow64 -L -F xaudio*.dll /var/home/puppy/.local/share/Steam/steamapps/compatdata/3371625244/pfx/dosdevices/c:/windows/temp/aug2009_xaudio_x86.cab
/var/home/puppy/.local/share/Steam/steamapps/compatdata/3371625244/pfx/dosdevices/c:/windows/temp/aug2009_xaudio_x86.cab: WARNING; possible 5960 extra bytes at end of file.
Executing cabextract -q -d /var/home/puppy/.local/share/Steam/steamapps/compatdata/3371625244/pfx/dosdevices/c:/windows/syswow64 -L -F x3daudio*.dll /var/home/puppy/.local/share/Steam/steamapps/compatdata/3371625244/pfx/dosdevices/c:/windows/temp/aug2009_xaudio_x86.cab
/var/home/puppy/.local/share/Steam/steamapps/compatdata/3371625244/pfx/dosdevices/c:/windows/temp/aug2009_xaudio_x86.cab: WARNING; possible 5960 extra bytes at end of file.
Executing cabextract -q -d /var/home/puppy/.local/share/Steam/steamapps/compatdata/3371625244/pfx/dosdevices/c:/windows/syswow64 -L -F xapofx*.dll /var/home/puppy/.local/share/Steam/steamapps/compatdata/3371625244/pfx/dosdevices/c:/windows/temp/aug2009_xaudio_x86.cab
/var/home/puppy/.local/share/Steam/steamapps/compatdata/3371625244/pfx/dosdevices/c:/windows/temp/aug2009_xaudio_x86.cab: WARNING; possible 5960 extra bytes at end of file.
Executing cabextract -q -d /var/home/puppy/.local/share/Steam/steamapps/compatdata/3371625244/pfx/dosdevices/c:/windows/syswow64 -L -F xactengine*.dll /var/home/puppy/.local/share/Steam/steamapps/compatdata/3371625244/pfx/dosdevices/c:/windows/temp/dec2006_xact_x86.cab
/var/home/puppy/.local/share/Steam/steamapps/compatdata/3371625244/pfx/dosdevices/c:/windows/temp/dec2006_xact_x86.cab: WARNING; possible 5960 extra bytes at end of file.
Executing cabextract -q -d /var/home/puppy/.local/share/Steam/steamapps/compatdata/3371625244/pfx/dosdevices/c:/windows/syswow64 -L -F xaudio*.dll /var/home/puppy/.local/share/Steam/steamapps/compatdata/3371625244/pfx/dosdevices/c:/windows/temp/dec2006_xact_x86.cab
/var/home/puppy/.local/share/Steam/steamapps/compatdata/3371625244/pfx/dosdevices/c:/windows/temp/dec2006_xact_x86.cab: WARNING; possible 5960 extra bytes at end of file.
Executing cabextract -q -d /var/home/puppy/.local/share/Steam/steamapps/compatdata/3371625244/pfx/dosdevices/c:/windows/syswow64 -L -F x3daudio*.dll /var/home/puppy/.local/share/Steam/steamapps/compatdata/3371625244/pfx/dosdevices/c:/windows/temp/dec2006_xact_x86.cab
/var/home/puppy/.local/share/Steam/steamapps/compatdata/3371625244/pfx/dosdevices/c:/windows/temp/dec2006_xact_x86.cab: WARNING; possible 5960 extra bytes at end of file.
Executing cabextract -q -d /var/home/puppy/.local/share/Steam/steamapps/compatdata/3371625244/pfx/dosdevices/c:/windows/syswow64 -L -F xapofx*.dll /var/home/puppy/.local/share/Steam/steamapps/compatdata/3371625244/pfx/dosdevices/c:/windows/temp/dec2006_xact_x86.cab
/var/home/puppy/.local/share/Steam/steamapps/compatdata/3371625244/pfx/dosdevices/c:/windows/temp/dec2006_xact_x86.cab: WARNING; possible 5960 extra bytes at end of file.
Executing cabextract -q -d /var/home/puppy/.local/share/Steam/steamapps/compatdata/3371625244/pfx/dosdevices/c:/windows/syswow64 -L -F xactengine*.dll /var/home/puppy/.local/share/Steam/steamapps/compatdata/3371625244/pfx/dosdevices/c:/windows/temp/feb2006_xact_x86.cab
/var/home/puppy/.local/share/Steam/steamapps/compatdata/3371625244/pfx/dosdevices/c:/windows/temp/feb2006_xact_x86.cab: WARNING; possible 5960 extra bytes at end of file.
Executing cabextract -q -d /var/home/puppy/.local/share/Steam/steamapps/compatdata/3371625244/pfx/dosdevices/c:/windows/syswow64 -L -F xaudio*.dll /var/home/puppy/.local/share/Steam/steamapps/compatdata/3371625244/pfx/dosdevices/c:/windows/temp/feb2006_xact_x86.cab
/var/home/puppy/.local/share/Steam/steamapps/compatdata/3371625244/pfx/dosdevices/c:/windows/temp/feb2006_xact_x86.cab: WARNING; possible 5960 extra bytes at end of file.
Executing cabextract -q -d /var/home/puppy/.local/share/Steam/steamapps/compatdata/3371625244/pfx/dosdevices/c:/windows/syswow64 -L -F x3daudio*.dll /var/home/puppy/.local/share/Steam/steamapps/compatdata/3371625244/pfx/dosdevices/c:/windows/temp/feb2006_xact_x86.cab
/var/home/puppy/.local/share/Steam/steamapps/compatdata/3371625244/pfx/dosdevices/c:/windows/temp/feb2006_xact_x86.cab: WARNING; possible 5960 extra bytes at end of file.
Executing cabextract -q -d /var/home/puppy/.local/share/Steam/steamapps/compatdata/3371625244/pfx/dosdevices/c:/windows/syswow64 -L -F xapofx*.dll /var/home/puppy/.local/share/Steam/steamapps/compatdata/3371625244/pfx/dosdevices/c:/windows/temp/feb2006_xact_x86.cab
/var/home/puppy/.local/share/Steam/steamapps/compatdata/3371625244/pfx/dosdevices/c:/windows/temp/feb2006_xact_x86.cab: WARNING; possible 5960 extra bytes at end of file.
Executing cabextract -q -d /var/home/puppy/.local/share/Steam/steamapps/compatdata/3371625244/pfx/dosdevices/c:/windows/syswow64 -L -F xactengine*.dll /var/home/puppy/.local/share/Steam/steamapps/compatdata/3371625244/pfx/dosdevices/c:/windows/temp/feb2007_xact_x86.cab
/var/home/puppy/.local/share/Steam/steamapps/compatdata/3371625244/pfx/dosdevices/c:/windows/temp/feb2007_xact_x86.cab: WARNING; possible 5960 extra bytes at end of file.
Executing cabextract -q -d /var/home/puppy/.local/share/Steam/steamapps/compatdata/3371625244/pfx/dosdevices/c:/windows/syswow64 -L -F xaudio*.dll /var/home/puppy/.local/share/Steam/steamapps/compatdata/3371625244/pfx/dosdevices/c:/windows/temp/feb2007_xact_x86.cab
/var/home/puppy/.local/share/Steam/steamapps/compatdata/3371625244/pfx/dosdevices/c:/windows/temp/feb2007_xact_x86.cab: WARNING; possible 5960 extra bytes at end of file.
Executing cabextract -q -d /var/home/puppy/.local/share/Steam/steamapps/compatdata/3371625244/pfx/dosdevices/c:/windows/syswow64 -L -F x3daudio*.dll /var/home/puppy/.local/share/Steam/steamapps/compatdata/3371625244/pfx/dosdevices/c:/windows/temp/feb2007_xact_x86.cab
/var/home/puppy/.local/share/Steam/steamapps/compatdata/3371625244/pfx/dosdevices/c:/windows/temp/feb2007_xact_x86.cab: WARNING; possible 5960 extra bytes at end of file.
Executing cabextract -q -d /var/home/puppy/.local/share/Steam/steamapps/compatdata/3371625244/pfx/dosdevices/c:/windows/syswow64 -L -F xapofx*.dll /var/home/puppy/.local/share/Steam/steamapps/compatdata/3371625244/pfx/dosdevices/c:/windows/temp/feb2007_xact_x86.cab
/var/home/puppy/.local/share/Steam/steamapps/compatdata/3371625244/pfx/dosdevices/c:/windows/temp/feb2007_xact_x86.cab: WARNING; possible 5960 extra bytes at end of file.
Executing cabextract -q -d /var/home/puppy/.local/share/Steam/steamapps/compatdata/3371625244/pfx/dosdevices/c:/windows/syswow64 -L -F xactengine*.dll /var/home/puppy/.local/share/Steam/steamapps/compatdata/3371625244/pfx/dosdevices/c:/windows/temp/feb2010_x3daudio_x86.cab
/var/home/puppy/.local/share/Steam/steamapps/compatdata/3371625244/pfx/dosdevices/c:/windows/temp/feb2010_x3daudio_x86.cab: WARNING; possible 5960 extra bytes at end of file.
Executing cabextract -q -d /var/home/puppy/.local/share/Steam/steamapps/compatdata/3371625244/pfx/dosdevices/c:/windows/syswow64 -L -F xaudio*.dll /var/home/puppy/.local/share/Steam/steamapps/compatdata/3371625244/pfx/dosdevices/c:/windows/temp/feb2010_x3daudio_x86.cab
/var/home/puppy/.local/share/Steam/steamapps/compatdata/3371625244/pfx/dosdevices/c:/windows/temp/feb2010_x3daudio_x86.cab: WARNING; possible 5960 extra bytes at end of file.
Executing cabextract -q -d /var/home/puppy/.local/share/Steam/steamapps/compatdata/3371625244/pfx/dosdevices/c:/windows/syswow64 -L -F x3daudio*.dll /var/home/puppy/.local/share/Steam/steamapps/compatdata/3371625244/pfx/dosdevices/c:/windows/temp/feb2010_x3daudio_x86.cab
/var/home/puppy/.local/share/Steam/steamapps/compatdata/3371625244/pfx/dosdevices/c:/windows/temp/feb2010_x3daudio_x86.cab: WARNING; possible 5960 extra bytes at end of file.
Executing cabextract -q -d /var/home/puppy/.local/share/Steam/steamapps/compatdata/3371625244/pfx/dosdevices/c:/windows/syswow64 -L -F xapofx*.dll /var/home/puppy/.local/share/Steam/steamapps/compatdata/3371625244/pfx/dosdevices/c:/windows/temp/feb2010_x3daudio_x86.cab
/var/home/puppy/.local/share/Steam/steamapps/compatdata/3371625244/pfx/dosdevices/c:/windows/temp/feb2010_x3daudio_x86.cab: WARNING; possible 5960 extra bytes at end of file.
Executing cabextract -q -d /var/home/puppy/.local/share/Steam/steamapps/compatdata/3371625244/pfx/dosdevices/c:/windows/syswow64 -L -F xactengine*.dll /var/home/puppy/.local/share/Steam/steamapps/compatdata/3371625244/pfx/dosdevices/c:/windows/temp/feb2010_xact_x86.cab
/var/home/puppy/.local/share/Steam/steamapps/compatdata/3371625244/pfx/dosdevices/c:/windows/temp/feb2010_xact_x86.cab: WARNING; possible 5960 extra bytes at end of file.
Executing cabextract -q -d /var/home/puppy/.local/share/Steam/steamapps/compatdata/3371625244/pfx/dosdevices/c:/windows/syswow64 -L -F xaudio*.dll /var/home/puppy/.local/share/Steam/steamapps/compatdata/3371625244/pfx/dosdevices/c:/windows/temp/feb2010_xact_x86.cab
/var/home/puppy/.local/share/Steam/steamapps/compatdata/3371625244/pfx/dosdevices/c:/windows/temp/feb2010_xact_x86.cab: WARNING; possible 5960 extra bytes at end of file.
Executing cabextract -q -d /var/home/puppy/.local/share/Steam/steamapps/compatdata/3371625244/pfx/dosdevices/c:/windows/syswow64 -L -F x3daudio*.dll /var/home/puppy/.local/share/Steam/steamapps/compatdata/3371625244/pfx/dosdevices/c:/windows/temp/feb2010_xact_x86.cab
/var/home/puppy/.local/share/Steam/steamapps/compatdata/3371625244/pfx/dosdevices/c:/windows/temp/feb2010_xact_x86.cab: WARNING; possible 5960 extra bytes at end of file.
Executing cabextract -q -d /var/home/puppy/.local/share/Steam/steamapps/compatdata/3371625244/pfx/dosdevices/c:/windows/syswow64 -L -F xapofx*.dll /var/home/puppy/.local/share/Steam/steamapps/compatdata/3371625244/pfx/dosdevices/c:/windows/temp/feb2010_xact_x86.cab
/var/home/puppy/.local/share/Steam/steamapps/compatdata/3371625244/pfx/dosdevices/c:/windows/temp/feb2010_xact_x86.cab: WARNING; possible 5960 extra bytes at end of file.
Executing cabextract -q -d /var/home/puppy/.local/share/Steam/steamapps/compatdata/3371625244/pfx/dosdevices/c:/windows/syswow64 -L -F xactengine*.dll /var/home/puppy/.local/share/Steam/steamapps/compatdata/3371625244/pfx/dosdevices/c:/windows/temp/feb2010_xaudio_x86.cab
/var/home/puppy/.local/share/Steam/steamapps/compatdata/3371625244/pfx/dosdevices/c:/windows/temp/feb2010_xaudio_x86.cab: WARNING; possible 5960 extra bytes at end of file.
Executing cabextract -q -d /var/home/puppy/.local/share/Steam/steamapps/compatdata/3371625244/pfx/dosdevices/c:/windows/syswow64 -L -F xaudio*.dll /var/home/puppy/.local/share/Steam/steamapps/compatdata/3371625244/pfx/dosdevices/c:/windows/temp/feb2010_xaudio_x86.cab
/var/home/puppy/.local/share/Steam/steamapps/compatdata/3371625244/pfx/dosdevices/c:/windows/temp/feb2010_xaudio_x86.cab: WARNING; possible 5960 extra bytes at end of file.
Executing cabextract -q -d /var/home/puppy/.local/share/Steam/steamapps/compatdata/3371625244/pfx/dosdevices/c:/windows/syswow64 -L -F x3daudio*.dll /var/home/puppy/.local/share/Steam/steamapps/compatdata/3371625244/pfx/dosdevices/c:/windows/temp/feb2010_xaudio_x86.cab
/var/home/puppy/.local/share/Steam/steamapps/compatdata/3371625244/pfx/dosdevices/c:/windows/temp/feb2010_xaudio_x86.cab: WARNING; possible 5960 extra bytes at end of file.
Executing cabextract -q -d /var/home/puppy/.local/share/Steam/steamapps/compatdata/3371625244/pfx/dosdevices/c:/windows/syswow64 -L -F xapofx*.dll /var/home/puppy/.local/share/Steam/steamapps/compatdata/3371625244/pfx/dosdevices/c:/windows/temp/feb2010_xaudio_x86.cab
/var/home/puppy/.local/share/Steam/steamapps/compatdata/3371625244/pfx/dosdevices/c:/windows/temp/feb2010_xaudio_x86.cab: WARNING; possible 5960 extra bytes at end of file.
Executing cabextract -q -d /var/home/puppy/.local/share/Steam/steamapps/compatdata/3371625244/pfx/dosdevices/c:/windows/syswow64 -L -F xactengine*.dll /var/home/puppy/.local/share/Steam/steamapps/compatdata/3371625244/pfx/dosdevices/c:/windows/temp/jun2006_xact_x86.cab
/var/home/puppy/.local/share/Steam/steamapps/compatdata/3371625244/pfx/dosdevices/c:/windows/temp/jun2006_xact_x86.cab: WARNING; possible 5960 extra bytes at end of file.
Executing cabextract -q -d /var/home/puppy/.local/share/Steam/steamapps/compatdata/3371625244/pfx/dosdevices/c:/windows/syswow64 -L -F xaudio*.dll /var/home/puppy/.local/share/Steam/steamapps/compatdata/3371625244/pfx/dosdevices/c:/windows/temp/jun2006_xact_x86.cab
/var/home/puppy/.local/share/Steam/steamapps/compatdata/3371625244/pfx/dosdevices/c:/windows/temp/jun2006_xact_x86.cab: WARNING; possible 5960 extra bytes at end of file.
Executing cabextract -q -d /var/home/puppy/.local/share/Steam/steamapps/compatdata/3371625244/pfx/dosdevices/c:/windows/syswow64 -L -F x3daudio*.dll /var/home/puppy/.local/share/Steam/steamapps/compatdata/3371625244/pfx/dosdevices/c:/windows/temp/jun2006_xact_x86.cab
/var/home/puppy/.local/share/Steam/steamapps/compatdata/3371625244/pfx/dosdevices/c:/windows/temp/jun2006_xact_x86.cab: WARNING; possible 5960 extra bytes at end of file.
Executing cabextract -q -d /var/home/puppy/.local/share/Steam/steamapps/compatdata/3371625244/pfx/dosdevices/c:/windows/syswow64 -L -F xapofx*.dll /var/home/puppy/.local/share/Steam/steamapps/compatdata/3371625244/pfx/dosdevices/c:/windows/temp/jun2006_xact_x86.cab
/var/home/puppy/.local/share/Steam/steamapps/compatdata/3371625244/pfx/dosdevices/c:/windows/temp/jun2006_xact_x86.cab: WARNING; possible 5960 extra bytes at end of file.
Executing cabextract -q -d /var/home/puppy/.local/share/Steam/steamapps/compatdata/3371625244/pfx/dosdevices/c:/windows/syswow64 -L -F xactengine*.dll /var/home/puppy/.local/share/Steam/steamapps/compatdata/3371625244/pfx/dosdevices/c:/windows/temp/jun2007_xact_x86.cab
/var/home/puppy/.local/share/Steam/steamapps/compatdata/3371625244/pfx/dosdevices/c:/windows/temp/jun2007_xact_x86.cab: WARNING; possible 5960 extra bytes at end of file.
Executing cabextract -q -d /var/home/puppy/.local/share/Steam/steamapps/compatdata/3371625244/pfx/dosdevices/c:/windows/syswow64 -L -F xaudio*.dll /var/home/puppy/.local/share/Steam/steamapps/compatdata/3371625244/pfx/dosdevices/c:/windows/temp/jun2007_xact_x86.cab
/var/home/puppy/.local/share/Steam/steamapps/compatdata/3371625244/pfx/dosdevices/c:/windows/temp/jun2007_xact_x86.cab: WARNING; possible 5960 extra bytes at end of file.
Executing cabextract -q -d /var/home/puppy/.local/share/Steam/steamapps/compatdata/3371625244/pfx/dosdevices/c:/windows/syswow64 -L -F x3daudio*.dll /var/home/puppy/.local/share/Steam/steamapps/compatdata/3371625244/pfx/dosdevices/c:/windows/temp/jun2007_xact_x86.cab
/var/home/puppy/.local/share/Steam/steamapps/compatdata/3371625244/pfx/dosdevices/c:/windows/temp/jun2007_xact_x86.cab: WARNING; possible 5960 extra bytes at end of file.
Executing cabextract -q -d /var/home/puppy/.local/share/Steam/steamapps/compatdata/3371625244/pfx/dosdevices/c:/windows/syswow64 -L -F xapofx*.dll /var/home/puppy/.local/share/Steam/steamapps/compatdata/3371625244/pfx/dosdevices/c:/windows/temp/jun2007_xact_x86.cab
/var/home/puppy/.local/share/Steam/steamapps/compatdata/3371625244/pfx/dosdevices/c:/windows/temp/jun2007_xact_x86.cab: WARNING; possible 5960 extra bytes at end of file.
Executing cabextract -q -d /var/home/puppy/.local/share/Steam/steamapps/compatdata/3371625244/pfx/dosdevices/c:/windows/syswow64 -L -F xactengine*.dll /var/home/puppy/.local/share/Steam/steamapps/compatdata/3371625244/pfx/dosdevices/c:/windows/temp/jun2008_x3daudio_x86.cab
/var/home/puppy/.local/share/Steam/steamapps/compatdata/3371625244/pfx/dosdevices/c:/windows/temp/jun2008_x3daudio_x86.cab: WARNING; possible 5960 extra bytes at end of file.
Executing cabextract -q -d /var/home/puppy/.local/share/Steam/steamapps/compatdata/3371625244/pfx/dosdevices/c:/windows/syswow64 -L -F xaudio*.dll /var/home/puppy/.local/share/Steam/steamapps/compatdata/3371625244/pfx/dosdevices/c:/windows/temp/jun2008_x3daudio_x86.cab
/var/home/puppy/.local/share/Steam/steamapps/compatdata/3371625244/pfx/dosdevices/c:/windows/temp/jun2008_x3daudio_x86.cab: WARNING; possible 5960 extra bytes at end of file.
Executing cabextract -q -d /var/home/puppy/.local/share/Steam/steamapps/compatdata/3371625244/pfx/dosdevices/c:/windows/syswow64 -L -F x3daudio*.dll /var/home/puppy/.local/share/Steam/steamapps/compatdata/3371625244/pfx/dosdevices/c:/windows/temp/jun2008_x3daudio_x86.cab
/var/home/puppy/.local/share/Steam/steamapps/compatdata/3371625244/pfx/dosdevices/c:/windows/temp/jun2008_x3daudio_x86.cab: WARNING; possible 5960 extra bytes at end of file.
Executing cabextract -q -d /var/home/puppy/.local/share/Steam/steamapps/compatdata/3371625244/pfx/dosdevices/c:/windows/syswow64 -L -F xapofx*.dll /var/home/puppy/.local/share/Steam/steamapps/compatdata/3371625244/pfx/dosdevices/c:/windows/temp/jun2008_x3daudio_x86.cab
/var/home/puppy/.local/share/Steam/steamapps/compatdata/3371625244/pfx/dosdevices/c:/windows/temp/jun2008_x3daudio_x86.cab: WARNING; possible 5960 extra bytes at end of file.
Executing cabextract -q -d /var/home/puppy/.local/share/Steam/steamapps/compatdata/3371625244/pfx/dosdevices/c:/windows/syswow64 -L -F xactengine*.dll /var/home/puppy/.local/share/Steam/steamapps/compatdata/3371625244/pfx/dosdevices/c:/windows/temp/jun2008_xact_x86.cab
/var/home/puppy/.local/share/Steam/steamapps/compatdata/3371625244/pfx/dosdevices/c:/windows/temp/jun2008_xact_x86.cab: WARNING; possible 5960 extra bytes at end of file.
Executing cabextract -q -d /var/home/puppy/.local/share/Steam/steamapps/compatdata/3371625244/pfx/dosdevices/c:/windows/syswow64 -L -F xaudio*.dll /var/home/puppy/.local/share/Steam/steamapps/compatdata/3371625244/pfx/dosdevices/c:/windows/temp/jun2008_xact_x86.cab
/var/home/puppy/.local/share/Steam/steamapps/compatdata/3371625244/pfx/dosdevices/c:/windows/temp/jun2008_xact_x86.cab: WARNING; possible 5960 extra bytes at end of file.
Executing cabextract -q -d /var/home/puppy/.local/share/Steam/steamapps/compatdata/3371625244/pfx/dosdevices/c:/windows/syswow64 -L -F x3daudio*.dll /var/home/puppy/.local/share/Steam/steamapps/compatdata/3371625244/pfx/dosdevices/c:/windows/temp/jun2008_xact_x86.cab
/var/home/puppy/.local/share/Steam/steamapps/compatdata/3371625244/pfx/dosdevices/c:/windows/temp/jun2008_xact_x86.cab: WARNING; possible 5960 extra bytes at end of file.
Executing cabextract -q -d /var/home/puppy/.local/share/Steam/steamapps/compatdata/3371625244/pfx/dosdevices/c:/windows/syswow64 -L -F xapofx*.dll /var/home/puppy/.local/share/Steam/steamapps/compatdata/3371625244/pfx/dosdevices/c:/windows/temp/jun2008_xact_x86.cab
/var/home/puppy/.local/share/Steam/steamapps/compatdata/3371625244/pfx/dosdevices/c:/windows/temp/jun2008_xact_x86.cab: WARNING; possible 5960 extra bytes at end of file.
Executing cabextract -q -d /var/home/puppy/.local/share/Steam/steamapps/compatdata/3371625244/pfx/dosdevices/c:/windows/syswow64 -L -F xactengine*.dll /var/home/puppy/.local/share/Steam/steamapps/compatdata/3371625244/pfx/dosdevices/c:/windows/temp/jun2008_xaudio_x86.cab
/var/home/puppy/.local/share/Steam/steamapps/compatdata/3371625244/pfx/dosdevices/c:/windows/temp/jun2008_xaudio_x86.cab: WARNING; possible 5960 extra bytes at end of file.
Executing cabextract -q -d /var/home/puppy/.local/share/Steam/steamapps/compatdata/3371625244/pfx/dosdevices/c:/windows/syswow64 -L -F xaudio*.dll /var/home/puppy/.local/share/Steam/steamapps/compatdata/3371625244/pfx/dosdevices/c:/windows/temp/jun2008_xaudio_x86.cab
/var/home/puppy/.local/share/Steam/steamapps/compatdata/3371625244/pfx/dosdevices/c:/windows/temp/jun2008_xaudio_x86.cab: WARNING; possible 5960 extra bytes at end of file.
Executing cabextract -q -d /var/home/puppy/.local/share/Steam/steamapps/compatdata/3371625244/pfx/dosdevices/c:/windows/syswow64 -L -F x3daudio*.dll /var/home/puppy/.local/share/Steam/steamapps/compatdata/3371625244/pfx/dosdevices/c:/windows/temp/jun2008_xaudio_x86.cab
/var/home/puppy/.local/share/Steam/steamapps/compatdata/3371625244/pfx/dosdevices/c:/windows/temp/jun2008_xaudio_x86.cab: WARNING; possible 5960 extra bytes at end of file.
Executing cabextract -q -d /var/home/puppy/.local/share/Steam/steamapps/compatdata/3371625244/pfx/dosdevices/c:/windows/syswow64 -L -F xapofx*.dll /var/home/puppy/.local/share/Steam/steamapps/compatdata/3371625244/pfx/dosdevices/c:/windows/temp/jun2008_xaudio_x86.cab
/var/home/puppy/.local/share/Steam/steamapps/compatdata/3371625244/pfx/dosdevices/c:/windows/temp/jun2008_xaudio_x86.cab: WARNING; possible 5960 extra bytes at end of file.
Executing cabextract -q -d /var/home/puppy/.local/share/Steam/steamapps/compatdata/3371625244/pfx/dosdevices/c:/windows/syswow64 -L -F xactengine*.dll /var/home/puppy/.local/share/Steam/steamapps/compatdata/3371625244/pfx/dosdevices/c:/windows/temp/jun2010_xact_x86.cab
/var/home/puppy/.local/share/Steam/steamapps/compatdata/3371625244/pfx/dosdevices/c:/windows/temp/jun2010_xact_x86.cab: WARNING; possible 5960 extra bytes at end of file.
Executing cabextract -q -d /var/home/puppy/.local/share/Steam/steamapps/compatdata/3371625244/pfx/dosdevices/c:/windows/syswow64 -L -F xaudio*.dll /var/home/puppy/.local/share/Steam/steamapps/compatdata/3371625244/pfx/dosdevices/c:/windows/temp/jun2010_xact_x86.cab
/var/home/puppy/.local/share/Steam/steamapps/compatdata/3371625244/pfx/dosdevices/c:/windows/temp/jun2010_xact_x86.cab: WARNING; possible 5960 extra bytes at end of file.
Executing cabextract -q -d /var/home/puppy/.local/share/Steam/steamapps/compatdata/3371625244/pfx/dosdevices/c:/windows/syswow64 -L -F x3daudio*.dll /var/home/puppy/.local/share/Steam/steamapps/compatdata/3371625244/pfx/dosdevices/c:/windows/temp/jun2010_xact_x86.cab
/var/home/puppy/.local/share/Steam/steamapps/compatdata/3371625244/pfx/dosdevices/c:/windows/temp/jun2010_xact_x86.cab: WARNING; possible 5960 extra bytes at end of file.
Executing cabextract -q -d /var/home/puppy/.local/share/Steam/steamapps/compatdata/3371625244/pfx/dosdevices/c:/windows/syswow64 -L -F xapofx*.dll /var/home/puppy/.local/share/Steam/steamapps/compatdata/3371625244/pfx/dosdevices/c:/windows/temp/jun2010_xact_x86.cab
/var/home/puppy/.local/share/Steam/steamapps/compatdata/3371625244/pfx/dosdevices/c:/windows/temp/jun2010_xact_x86.cab: WARNING; possible 5960 extra bytes at end of file.
Executing cabextract -q -d /var/home/puppy/.local/share/Steam/steamapps/compatdata/3371625244/pfx/dosdevices/c:/windows/syswow64 -L -F xactengine*.dll /var/home/puppy/.local/share/Steam/steamapps/compatdata/3371625244/pfx/dosdevices/c:/windows/temp/jun2010_xaudio_x86.cab
/var/home/puppy/.local/share/Steam/steamapps/compatdata/3371625244/pfx/dosdevices/c:/windows/temp/jun2010_xaudio_x86.cab: WARNING; possible 5960 extra bytes at end of file.
Executing cabextract -q -d /var/home/puppy/.local/share/Steam/steamapps/compatdata/3371625244/pfx/dosdevices/c:/windows/syswow64 -L -F xaudio*.dll /var/home/puppy/.local/share/Steam/steamapps/compatdata/3371625244/pfx/dosdevices/c:/windows/temp/jun2010_xaudio_x86.cab
/var/home/puppy/.local/share/Steam/steamapps/compatdata/3371625244/pfx/dosdevices/c:/windows/temp/jun2010_xaudio_x86.cab: WARNING; possible 5960 extra bytes at end of file.
Executing cabextract -q -d /var/home/puppy/.local/share/Steam/steamapps/compatdata/3371625244/pfx/dosdevices/c:/windows/syswow64 -L -F x3daudio*.dll /var/home/puppy/.local/share/Steam/steamapps/compatdata/3371625244/pfx/dosdevices/c:/windows/temp/jun2010_xaudio_x86.cab
/var/home/puppy/.local/share/Steam/steamapps/compatdata/3371625244/pfx/dosdevices/c:/windows/temp/jun2010_xaudio_x86.cab: WARNING; possible 5960 extra bytes at end of file.
Executing cabextract -q -d /var/home/puppy/.local/share/Steam/steamapps/compatdata/3371625244/pfx/dosdevices/c:/windows/syswow64 -L -F xapofx*.dll /var/home/puppy/.local/share/Steam/steamapps/compatdata/3371625244/pfx/dosdevices/c:/windows/temp/jun2010_xaudio_x86.cab
/var/home/puppy/.local/share/Steam/steamapps/compatdata/3371625244/pfx/dosdevices/c:/windows/temp/jun2010_xaudio_x86.cab: WARNING; possible 5960 extra bytes at end of file.
Executing cabextract -q -d /var/home/puppy/.local/share/Steam/steamapps/compatdata/3371625244/pfx/dosdevices/c:/windows/syswow64 -L -F xactengine*.dll /var/home/puppy/.local/share/Steam/steamapps/compatdata/3371625244/pfx/dosdevices/c:/windows/temp/mar2008_x3daudio_x86.cab
/var/home/puppy/.local/share/Steam/steamapps/compatdata/3371625244/pfx/dosdevices/c:/windows/temp/mar2008_x3daudio_x86.cab: WARNING; possible 5960 extra bytes at end of file.
Executing cabextract -q -d /var/home/puppy/.local/share/Steam/steamapps/compatdata/3371625244/pfx/dosdevices/c:/windows/syswow64 -L -F xaudio*.dll /var/home/puppy/.local/share/Steam/steamapps/compatdata/3371625244/pfx/dosdevices/c:/windows/temp/mar2008_x3daudio_x86.cab
/var/home/puppy/.local/share/Steam/steamapps/compatdata/3371625244/pfx/dosdevices/c:/windows/temp/mar2008_x3daudio_x86.cab: WARNING; possible 5960 extra bytes at end of file.
Executing cabextract -q -d /var/home/puppy/.local/share/Steam/steamapps/compatdata/3371625244/pfx/dosdevices/c:/windows/syswow64 -L -F x3daudio*.dll /var/home/puppy/.local/share/Steam/steamapps/compatdata/3371625244/pfx/dosdevices/c:/windows/temp/mar2008_x3daudio_x86.cab
/var/home/puppy/.local/share/Steam/steamapps/compatdata/3371625244/pfx/dosdevices/c:/windows/temp/mar2008_x3daudio_x86.cab: WARNING; possible 5960 extra bytes at end of file.
Executing cabextract -q -d /var/home/puppy/.local/share/Steam/steamapps/compatdata/3371625244/pfx/dosdevices/c:/windows/syswow64 -L -F xapofx*.dll /var/home/puppy/.local/share/Steam/steamapps/compatdata/3371625244/pfx/dosdevices/c:/windows/temp/mar2008_x3daudio_x86.cab
/var/home/puppy/.local/share/Steam/steamapps/compatdata/3371625244/pfx/dosdevices/c:/windows/temp/mar2008_x3daudio_x86.cab: WARNING; possible 5960 extra bytes at end of file.
Executing cabextract -q -d /var/home/puppy/.local/share/Steam/steamapps/compatdata/3371625244/pfx/dosdevices/c:/windows/syswow64 -L -F xactengine*.dll /var/home/puppy/.local/share/Steam/steamapps/compatdata/3371625244/pfx/dosdevices/c:/windows/temp/mar2008_xact_x86.cab
/var/home/puppy/.local/share/Steam/steamapps/compatdata/3371625244/pfx/dosdevices/c:/windows/temp/mar2008_xact_x86.cab: WARNING; possible 5960 extra bytes at end of file.
Executing cabextract -q -d /var/home/puppy/.local/share/Steam/steamapps/compatdata/3371625244/pfx/dosdevices/c:/windows/syswow64 -L -F xaudio*.dll /var/home/puppy/.local/share/Steam/steamapps/compatdata/3371625244/pfx/dosdevices/c:/windows/temp/mar2008_xact_x86.cab
/var/home/puppy/.local/share/Steam/steamapps/compatdata/3371625244/pfx/dosdevices/c:/windows/temp/mar2008_xact_x86.cab: WARNING; possible 5960 extra bytes at end of file.
Executing cabextract -q -d /var/home/puppy/.local/share/Steam/steamapps/compatdata/3371625244/pfx/dosdevices/c:/windows/syswow64 -L -F x3daudio*.dll /var/home/puppy/.local/share/Steam/steamapps/compatdata/3371625244/pfx/dosdevices/c:/windows/temp/mar2008_xact_x86.cab
/var/home/puppy/.local/share/Steam/steamapps/compatdata/3371625244/pfx/dosdevices/c:/windows/temp/mar2008_xact_x86.cab: WARNING; possible 5960 extra bytes at end of file.
Executing cabextract -q -d /var/home/puppy/.local/share/Steam/steamapps/compatdata/3371625244/pfx/dosdevices/c:/windows/syswow64 -L -F xapofx*.dll /var/home/puppy/.local/share/Steam/steamapps/compatdata/3371625244/pfx/dosdevices/c:/windows/temp/mar2008_xact_x86.cab
/var/home/puppy/.local/share/Steam/steamapps/compatdata/3371625244/pfx/dosdevices/c:/windows/temp/mar2008_xact_x86.cab: WARNING; possible 5960 extra bytes at end of file.
Executing cabextract -q -d /var/home/puppy/.local/share/Steam/steamapps/compatdata/3371625244/pfx/dosdevices/c:/windows/syswow64 -L -F xactengine*.dll /var/home/puppy/.local/share/Steam/steamapps/compatdata/3371625244/pfx/dosdevices/c:/windows/temp/mar2008_xaudio_x86.cab
/var/home/puppy/.local/share/Steam/steamapps/compatdata/3371625244/pfx/dosdevices/c:/windows/temp/mar2008_xaudio_x86.cab: WARNING; possible 5960 extra bytes at end of file.
Executing cabextract -q -d /var/home/puppy/.local/share/Steam/steamapps/compatdata/3371625244/pfx/dosdevices/c:/windows/syswow64 -L -F xaudio*.dll /var/home/puppy/.local/share/Steam/steamapps/compatdata/3371625244/pfx/dosdevices/c:/windows/temp/mar2008_xaudio_x86.cab
/var/home/puppy/.local/share/Steam/steamapps/compatdata/3371625244/pfx/dosdevices/c:/windows/temp/mar2008_xaudio_x86.cab: WARNING; possible 5960 extra bytes at end of file.
Executing cabextract -q -d /var/home/puppy/.local/share/Steam/steamapps/compatdata/3371625244/pfx/dosdevices/c:/windows/syswow64 -L -F x3daudio*.dll /var/home/puppy/.local/share/Steam/steamapps/compatdata/3371625244/pfx/dosdevices/c:/windows/temp/mar2008_xaudio_x86.cab
/var/home/puppy/.local/share/Steam/steamapps/compatdata/3371625244/pfx/dosdevices/c:/windows/temp/mar2008_xaudio_x86.cab: WARNING; possible 5960 extra bytes at end of file.
Executing cabextract -q -d /var/home/puppy/.local/share/Steam/steamapps/compatdata/3371625244/pfx/dosdevices/c:/windows/syswow64 -L -F xapofx*.dll /var/home/puppy/.local/share/Steam/steamapps/compatdata/3371625244/pfx/dosdevices/c:/windows/temp/mar2008_xaudio_x86.cab
/var/home/puppy/.local/share/Steam/steamapps/compatdata/3371625244/pfx/dosdevices/c:/windows/temp/mar2008_xaudio_x86.cab: WARNING; possible 5960 extra bytes at end of file.
Executing cabextract -q -d /var/home/puppy/.local/share/Steam/steamapps/compatdata/3371625244/pfx/dosdevices/c:/windows/syswow64 -L -F xactengine*.dll /var/home/puppy/.local/share/Steam/steamapps/compatdata/3371625244/pfx/dosdevices/c:/windows/temp/mar2009_x3daudio_x86.cab
/var/home/puppy/.local/share/Steam/steamapps/compatdata/3371625244/pfx/dosdevices/c:/windows/temp/mar2009_x3daudio_x86.cab: WARNING; possible 5960 extra bytes at end of file.
Executing cabextract -q -d /var/home/puppy/.local/share/Steam/steamapps/compatdata/3371625244/pfx/dosdevices/c:/windows/syswow64 -L -F xaudio*.dll /var/home/puppy/.local/share/Steam/steamapps/compatdata/3371625244/pfx/dosdevices/c:/windows/temp/mar2009_x3daudio_x86.cab
/var/home/puppy/.local/share/Steam/steamapps/compatdata/3371625244/pfx/dosdevices/c:/windows/temp/mar2009_x3daudio_x86.cab: WARNING; possible 5960 extra bytes at end of file.
Executing cabextract -q -d /var/home/puppy/.local/share/Steam/steamapps/compatdata/3371625244/pfx/dosdevices/c:/windows/syswow64 -L -F x3daudio*.dll /var/home/puppy/.local/share/Steam/steamapps/compatdata/3371625244/pfx/dosdevices/c:/windows/temp/mar2009_x3daudio_x86.cab
/var/home/puppy/.local/share/Steam/steamapps/compatdata/3371625244/pfx/dosdevices/c:/windows/temp/mar2009_x3daudio_x86.cab: WARNING; possible 5960 extra bytes at end of file.
Executing cabextract -q -d /var/home/puppy/.local/share/Steam/steamapps/compatdata/3371625244/pfx/dosdevices/c:/windows/syswow64 -L -F xapofx*.dll /var/home/puppy/.local/share/Steam/steamapps/compatdata/3371625244/pfx/dosdevices/c:/windows/temp/mar2009_x3daudio_x86.cab
/var/home/puppy/.local/share/Steam/steamapps/compatdata/3371625244/pfx/dosdevices/c:/windows/temp/mar2009_x3daudio_x86.cab: WARNING; possible 5960 extra bytes at end of file.
Executing cabextract -q -d /var/home/puppy/.local/share/Steam/steamapps/compatdata/3371625244/pfx/dosdevices/c:/windows/syswow64 -L -F xactengine*.dll /var/home/puppy/.local/share/Steam/steamapps/compatdata/3371625244/pfx/dosdevices/c:/windows/temp/mar2009_xact_x86.cab
/var/home/puppy/.local/share/Steam/steamapps/compatdata/3371625244/pfx/dosdevices/c:/windows/temp/mar2009_xact_x86.cab: WARNING; possible 5960 extra bytes at end of file.
Executing cabextract -q -d /var/home/puppy/.local/share/Steam/steamapps/compatdata/3371625244/pfx/dosdevices/c:/windows/syswow64 -L -F xaudio*.dll /var/home/puppy/.local/share/Steam/steamapps/compatdata/3371625244/pfx/dosdevices/c:/windows/temp/mar2009_xact_x86.cab
/var/home/puppy/.local/share/Steam/steamapps/compatdata/3371625244/pfx/dosdevices/c:/windows/temp/mar2009_xact_x86.cab: WARNING; possible 5960 extra bytes at end of file.
Executing cabextract -q -d /var/home/puppy/.local/share/Steam/steamapps/compatdata/3371625244/pfx/dosdevices/c:/windows/syswow64 -L -F x3daudio*.dll /var/home/puppy/.local/share/Steam/steamapps/compatdata/3371625244/pfx/dosdevices/c:/windows/temp/mar2009_xact_x86.cab
/var/home/puppy/.local/share/Steam/steamapps/compatdata/3371625244/pfx/dosdevices/c:/windows/temp/mar2009_xact_x86.cab: WARNING; possible 5960 extra bytes at end of file.
Executing cabextract -q -d /var/home/puppy/.local/share/Steam/steamapps/compatdata/3371625244/pfx/dosdevices/c:/windows/syswow64 -L -F xapofx*.dll /var/home/puppy/.local/share/Steam/steamapps/compatdata/3371625244/pfx/dosdevices/c:/windows/temp/mar2009_xact_x86.cab
/var/home/puppy/.local/share/Steam/steamapps/compatdata/3371625244/pfx/dosdevices/c:/windows/temp/mar2009_xact_x86.cab: WARNING; possible 5960 extra bytes at end of file.
Executing cabextract -q -d /var/home/puppy/.local/share/Steam/steamapps/compatdata/3371625244/pfx/dosdevices/c:/windows/syswow64 -L -F xactengine*.dll /var/home/puppy/.local/share/Steam/steamapps/compatdata/3371625244/pfx/dosdevices/c:/windows/temp/mar2009_xaudio_x86.cab
/var/home/puppy/.local/share/Steam/steamapps/compatdata/3371625244/pfx/dosdevices/c:/windows/temp/mar2009_xaudio_x86.cab: WARNING; possible 5960 extra bytes at end of file.
Executing cabextract -q -d /var/home/puppy/.local/share/Steam/steamapps/compatdata/3371625244/pfx/dosdevices/c:/windows/syswow64 -L -F xaudio*.dll /var/home/puppy/.local/share/Steam/steamapps/compatdata/3371625244/pfx/dosdevices/c:/windows/temp/mar2009_xaudio_x86.cab
/var/home/puppy/.local/share/Steam/steamapps/compatdata/3371625244/pfx/dosdevices/c:/windows/temp/mar2009_xaudio_x86.cab: WARNING; possible 5960 extra bytes at end of file.
Executing cabextract -q -d /var/home/puppy/.local/share/Steam/steamapps/compatdata/3371625244/pfx/dosdevices/c:/windows/syswow64 -L -F x3daudio*.dll /var/home/puppy/.local/share/Steam/steamapps/compatdata/3371625244/pfx/dosdevices/c:/windows/temp/mar2009_xaudio_x86.cab
/var/home/puppy/.local/share/Steam/steamapps/compatdata/3371625244/pfx/dosdevices/c:/windows/temp/mar2009_xaudio_x86.cab: WARNING; possible 5960 extra bytes at end of file.
Executing cabextract -q -d /var/home/puppy/.local/share/Steam/steamapps/compatdata/3371625244/pfx/dosdevices/c:/windows/syswow64 -L -F xapofx*.dll /var/home/puppy/.local/share/Steam/steamapps/compatdata/3371625244/pfx/dosdevices/c:/windows/temp/mar2009_xaudio_x86.cab
/var/home/puppy/.local/share/Steam/steamapps/compatdata/3371625244/pfx/dosdevices/c:/windows/temp/mar2009_xaudio_x86.cab: WARNING; possible 5960 extra bytes at end of file.
Executing cabextract -q -d /var/home/puppy/.local/share/Steam/steamapps/compatdata/3371625244/pfx/dosdevices/c:/windows/syswow64 -L -F xactengine*.dll /var/home/puppy/.local/share/Steam/steamapps/compatdata/3371625244/pfx/dosdevices/c:/windows/temp/nov2007_x3daudio_x86.cab
/var/home/puppy/.local/share/Steam/steamapps/compatdata/3371625244/pfx/dosdevices/c:/windows/temp/nov2007_x3daudio_x86.cab: WARNING; possible 5960 extra bytes at end of file.
Executing cabextract -q -d /var/home/puppy/.local/share/Steam/steamapps/compatdata/3371625244/pfx/dosdevices/c:/windows/syswow64 -L -F xaudio*.dll /var/home/puppy/.local/share/Steam/steamapps/compatdata/3371625244/pfx/dosdevices/c:/windows/temp/nov2007_x3daudio_x86.cab
/var/home/puppy/.local/share/Steam/steamapps/compatdata/3371625244/pfx/dosdevices/c:/windows/temp/nov2007_x3daudio_x86.cab: WARNING; possible 5960 extra bytes at end of file.
Executing cabextract -q -d /var/home/puppy/.local/share/Steam/steamapps/compatdata/3371625244/pfx/dosdevices/c:/windows/syswow64 -L -F x3daudio*.dll /var/home/puppy/.local/share/Steam/steamapps/compatdata/3371625244/pfx/dosdevices/c:/windows/temp/nov2007_x3daudio_x86.cab
/var/home/puppy/.local/share/Steam/steamapps/compatdata/3371625244/pfx/dosdevices/c:/windows/temp/nov2007_x3daudio_x86.cab: WARNING; possible 5960 extra bytes at end of file.
Executing cabextract -q -d /var/home/puppy/.local/share/Steam/steamapps/compatdata/3371625244/pfx/dosdevices/c:/windows/syswow64 -L -F xapofx*.dll /var/home/puppy/.local/share/Steam/steamapps/compatdata/3371625244/pfx/dosdevices/c:/windows/temp/nov2007_x3daudio_x86.cab
/var/home/puppy/.local/share/Steam/steamapps/compatdata/3371625244/pfx/dosdevices/c:/windows/temp/nov2007_x3daudio_x86.cab: WARNING; possible 5960 extra bytes at end of file.
Executing cabextract -q -d /var/home/puppy/.local/share/Steam/steamapps/compatdata/3371625244/pfx/dosdevices/c:/windows/syswow64 -L -F xactengine*.dll /var/home/puppy/.local/share/Steam/steamapps/compatdata/3371625244/pfx/dosdevices/c:/windows/temp/nov2007_xact_x86.cab
/var/home/puppy/.local/share/Steam/steamapps/compatdata/3371625244/pfx/dosdevices/c:/windows/temp/nov2007_xact_x86.cab: WARNING; possible 5960 extra bytes at end of file.
Executing cabextract -q -d /var/home/puppy/.local/share/Steam/steamapps/compatdata/3371625244/pfx/dosdevices/c:/windows/syswow64 -L -F xaudio*.dll /var/home/puppy/.local/share/Steam/steamapps/compatdata/3371625244/pfx/dosdevices/c:/windows/temp/nov2007_xact_x86.cab
/var/home/puppy/.local/share/Steam/steamapps/compatdata/3371625244/pfx/dosdevices/c:/windows/temp/nov2007_xact_x86.cab: WARNING; possible 5960 extra bytes at end of file.
Executing cabextract -q -d /var/home/puppy/.local/share/Steam/steamapps/compatdata/3371625244/pfx/dosdevices/c:/windows/syswow64 -L -F x3daudio*.dll /var/home/puppy/.local/share/Steam/steamapps/compatdata/3371625244/pfx/dosdevices/c:/windows/temp/nov2007_xact_x86.cab
/var/home/puppy/.local/share/Steam/steamapps/compatdata/3371625244/pfx/dosdevices/c:/windows/temp/nov2007_xact_x86.cab: WARNING; possible 5960 extra bytes at end of file.
Executing cabextract -q -d /var/home/puppy/.local/share/Steam/steamapps/compatdata/3371625244/pfx/dosdevices/c:/windows/syswow64 -L -F xapofx*.dll /var/home/puppy/.local/share/Steam/steamapps/compatdata/3371625244/pfx/dosdevices/c:/windows/temp/nov2007_xact_x86.cab
/var/home/puppy/.local/share/Steam/steamapps/compatdata/3371625244/pfx/dosdevices/c:/windows/temp/nov2007_xact_x86.cab: WARNING; possible 5960 extra bytes at end of file.
Executing cabextract -q -d /var/home/puppy/.local/share/Steam/steamapps/compatdata/3371625244/pfx/dosdevices/c:/windows/syswow64 -L -F xactengine*.dll /var/home/puppy/.local/share/Steam/steamapps/compatdata/3371625244/pfx/dosdevices/c:/windows/temp/nov2008_x3daudio_x86.cab
/var/home/puppy/.local/share/Steam/steamapps/compatdata/3371625244/pfx/dosdevices/c:/windows/temp/nov2008_x3daudio_x86.cab: WARNING; possible 5960 extra bytes at end of file.
Executing cabextract -q -d /var/home/puppy/.local/share/Steam/steamapps/compatdata/3371625244/pfx/dosdevices/c:/windows/syswow64 -L -F xaudio*.dll /var/home/puppy/.local/share/Steam/steamapps/compatdata/3371625244/pfx/dosdevices/c:/windows/temp/nov2008_x3daudio_x86.cab
/var/home/puppy/.local/share/Steam/steamapps/compatdata/3371625244/pfx/dosdevices/c:/windows/temp/nov2008_x3daudio_x86.cab: WARNING; possible 5960 extra bytes at end of file.
Executing cabextract -q -d /var/home/puppy/.local/share/Steam/steamapps/compatdata/3371625244/pfx/dosdevices/c:/windows/syswow64 -L -F x3daudio*.dll /var/home/puppy/.local/share/Steam/steamapps/compatdata/3371625244/pfx/dosdevices/c:/windows/temp/nov2008_x3daudio_x86.cab
/var/home/puppy/.local/share/Steam/steamapps/compatdata/3371625244/pfx/dosdevices/c:/windows/temp/nov2008_x3daudio_x86.cab: WARNING; possible 5960 extra bytes at end of file.
Executing cabextract -q -d /var/home/puppy/.local/share/Steam/steamapps/compatdata/3371625244/pfx/dosdevices/c:/windows/syswow64 -L -F xapofx*.dll /var/home/puppy/.local/share/Steam/steamapps/compatdata/3371625244/pfx/dosdevices/c:/windows/temp/nov2008_x3daudio_x86.cab
/var/home/puppy/.local/share/Steam/steamapps/compatdata/3371625244/pfx/dosdevices/c:/windows/temp/nov2008_x3daudio_x86.cab: WARNING; possible 5960 extra bytes at end of file.
Executing cabextract -q -d /var/home/puppy/.local/share/Steam/steamapps/compatdata/3371625244/pfx/dosdevices/c:/windows/syswow64 -L -F xactengine*.dll /var/home/puppy/.local/share/Steam/steamapps/compatdata/3371625244/pfx/dosdevices/c:/windows/temp/nov2008_xact_x86.cab
/var/home/puppy/.local/share/Steam/steamapps/compatdata/3371625244/pfx/dosdevices/c:/windows/temp/nov2008_xact_x86.cab: WARNING; possible 5960 extra bytes at end of file.
Executing cabextract -q -d /var/home/puppy/.local/share/Steam/steamapps/compatdata/3371625244/pfx/dosdevices/c:/windows/syswow64 -L -F xaudio*.dll /var/home/puppy/.local/share/Steam/steamapps/compatdata/3371625244/pfx/dosdevices/c:/windows/temp/nov2008_xact_x86.cab
/var/home/puppy/.local/share/Steam/steamapps/compatdata/3371625244/pfx/dosdevices/c:/windows/temp/nov2008_xact_x86.cab: WARNING; possible 5960 extra bytes at end of file.
Executing cabextract -q -d /var/home/puppy/.local/share/Steam/steamapps/compatdata/3371625244/pfx/dosdevices/c:/windows/syswow64 -L -F x3daudio*.dll /var/home/puppy/.local/share/Steam/steamapps/compatdata/3371625244/pfx/dosdevices/c:/windows/temp/nov2008_xact_x86.cab
/var/home/puppy/.local/share/Steam/steamapps/compatdata/3371625244/pfx/dosdevices/c:/windows/temp/nov2008_xact_x86.cab: WARNING; possible 5960 extra bytes at end of file.
Executing cabextract -q -d /var/home/puppy/.local/share/Steam/steamapps/compatdata/3371625244/pfx/dosdevices/c:/windows/syswow64 -L -F xapofx*.dll /var/home/puppy/.local/share/Steam/steamapps/compatdata/3371625244/pfx/dosdevices/c:/windows/temp/nov2008_xact_x86.cab
/var/home/puppy/.local/share/Steam/steamapps/compatdata/3371625244/pfx/dosdevices/c:/windows/temp/nov2008_xact_x86.cab: WARNING; possible 5960 extra bytes at end of file.
Executing cabextract -q -d /var/home/puppy/.local/share/Steam/steamapps/compatdata/3371625244/pfx/dosdevices/c:/windows/syswow64 -L -F xactengine*.dll /var/home/puppy/.local/share/Steam/steamapps/compatdata/3371625244/pfx/dosdevices/c:/windows/temp/nov2008_xaudio_x86.cab
/var/home/puppy/.local/share/Steam/steamapps/compatdata/3371625244/pfx/dosdevices/c:/windows/temp/nov2008_xaudio_x86.cab: WARNING; possible 5960 extra bytes at end of file.
Executing cabextract -q -d /var/home/puppy/.local/share/Steam/steamapps/compatdata/3371625244/pfx/dosdevices/c:/windows/syswow64 -L -F xaudio*.dll /var/home/puppy/.local/share/Steam/steamapps/compatdata/3371625244/pfx/dosdevices/c:/windows/temp/nov2008_xaudio_x86.cab
/var/home/puppy/.local/share/Steam/steamapps/compatdata/3371625244/pfx/dosdevices/c:/windows/temp/nov2008_xaudio_x86.cab: WARNING; possible 5960 extra bytes at end of file.
Executing cabextract -q -d /var/home/puppy/.local/share/Steam/steamapps/compatdata/3371625244/pfx/dosdevices/c:/windows/syswow64 -L -F x3daudio*.dll /var/home/puppy/.local/share/Steam/steamapps/compatdata/3371625244/pfx/dosdevices/c:/windows/temp/nov2008_xaudio_x86.cab
/var/home/puppy/.local/share/Steam/steamapps/compatdata/3371625244/pfx/dosdevices/c:/windows/temp/nov2008_xaudio_x86.cab: WARNING; possible 5960 extra bytes at end of file.
Executing cabextract -q -d /var/home/puppy/.local/share/Steam/steamapps/compatdata/3371625244/pfx/dosdevices/c:/windows/syswow64 -L -F xapofx*.dll /var/home/puppy/.local/share/Steam/steamapps/compatdata/3371625244/pfx/dosdevices/c:/windows/temp/nov2008_xaudio_x86.cab
/var/home/puppy/.local/share/Steam/steamapps/compatdata/3371625244/pfx/dosdevices/c:/windows/temp/nov2008_xaudio_x86.cab: WARNING; possible 5960 extra bytes at end of file.
Executing cabextract -q -d /var/home/puppy/.local/share/Steam/steamapps/compatdata/3371625244/pfx/dosdevices/c:/windows/syswow64 -L -F xactengine*.dll /var/home/puppy/.local/share/Steam/steamapps/compatdata/3371625244/pfx/dosdevices/c:/windows/temp/oct2006_xact_x86.cab
/var/home/puppy/.local/share/Steam/steamapps/compatdata/3371625244/pfx/dosdevices/c:/windows/temp/oct2006_xact_x86.cab: WARNING; possible 5960 extra bytes at end of file.
Executing cabextract -q -d /var/home/puppy/.local/share/Steam/steamapps/compatdata/3371625244/pfx/dosdevices/c:/windows/syswow64 -L -F xaudio*.dll /var/home/puppy/.local/share/Steam/steamapps/compatdata/3371625244/pfx/dosdevices/c:/windows/temp/oct2006_xact_x86.cab
/var/home/puppy/.local/share/Steam/steamapps/compatdata/3371625244/pfx/dosdevices/c:/windows/temp/oct2006_xact_x86.cab: WARNING; possible 5960 extra bytes at end of file.
Executing cabextract -q -d /var/home/puppy/.local/share/Steam/steamapps/compatdata/3371625244/pfx/dosdevices/c:/windows/syswow64 -L -F x3daudio*.dll /var/home/puppy/.local/share/Steam/steamapps/compatdata/3371625244/pfx/dosdevices/c:/windows/temp/oct2006_xact_x86.cab
/var/home/puppy/.local/share/Steam/steamapps/compatdata/3371625244/pfx/dosdevices/c:/windows/temp/oct2006_xact_x86.cab: WARNING; possible 5960 extra bytes at end of file.
Executing cabextract -q -d /var/home/puppy/.local/share/Steam/steamapps/compatdata/3371625244/pfx/dosdevices/c:/windows/syswow64 -L -F xapofx*.dll /var/home/puppy/.local/share/Steam/steamapps/compatdata/3371625244/pfx/dosdevices/c:/windows/temp/oct2006_xact_x86.cab
/var/home/puppy/.local/share/Steam/steamapps/compatdata/3371625244/pfx/dosdevices/c:/windows/temp/oct2006_xact_x86.cab: WARNING; possible 5960 extra bytes at end of file.
Executing /home/puppy/.var/app/com.github.Matoking.protontricks/cache/protontricks/proton/Proton Experimental/bin/wine C:\windows\syswow64\regedit.exe /S C:\windows\Temp\override-dll.reg
fsync: up and running.
Executing /home/puppy/.var/app/com.github.Matoking.protontricks/cache/protontricks/proton/Proton Experimental/bin/wine64 C:\windows\regedit.exe /S C:\windows\Temp\override-dll.reg
wineserver: using server-side synchronization.
Executing /home/puppy/.var/app/com.github.Matoking.protontricks/cache/protontricks/proton/Proton Experimental/bin/wine C:\windows\syswow64\regedit.exe /S C:\windows\Temp\override-dll.reg
wineserver: using server-side synchronization.
Executing /home/puppy/.var/app/com.github.Matoking.protontricks/cache/protontricks/proton/Proton Experimental/bin/wine64 C:\windows\regedit.exe /S C:\windows\Temp\override-dll.reg
wineserver: using server-side synchronization.
Executing /home/puppy/.var/app/com.github.Matoking.protontricks/cache/protontricks/proton/Proton Experimental/bin/wine C:\windows\syswow64\regedit.exe /S C:\windows\Temp\override-dll.reg
wineserver: using server-side synchronization.
Executing /home/puppy/.var/app/com.github.Matoking.protontricks/cache/protontricks/proton/Proton Experimental/bin/wine64 C:\windows\regedit.exe /S C:\windows\Temp\override-dll.reg
wineserver: using server-side synchronization.
Executing /home/puppy/.var/app/com.github.Matoking.protontricks/cache/protontricks/proton/Proton Experimental/bin/wine C:\windows\syswow64\regedit.exe /S C:\windows\Temp\override-dll.reg
wineserver: using server-side synchronization.
Executing /home/puppy/.var/app/com.github.Matoking.protontricks/cache/protontricks/proton/Proton Experimental/bin/wine64 C:\windows\regedit.exe /S C:\windows\Temp\override-dll.reg
fsync: up and running.
Executing /home/puppy/.var/app/com.github.Matoking.protontricks/cache/protontricks/proton/Proton Experimental/bin/wine C:\windows\syswow64\regsvr32.exe /S xactengine2_0.dll
wineserver: using server-side synchronization.
regsvr32: Successfully registered DLL 'xactengine2_0.dll'
Executing /home/puppy/.var/app/com.github.Matoking.protontricks/cache/protontricks/proton/Proton Experimental/bin/wine C:\windows\syswow64\regsvr32.exe /S xactengine2_0.dll.debug
wineserver: using server-side synchronization.
regsvr32: Failed to load DLL 'xactengine2_0.dll.debug'
------------------------------------------------------
warning: Note: command /home/puppy/.var/app/com.github.Matoking.protontricks/cache/protontricks/proton/Proton Experimental/bin/wine C:\windows\syswow64
egsvr32.exe /S xactengine2_0.dll.debug returned status 3. Aborting.
------------------------------------------------------
[ERROR] Failed to install Wine components after 3 attempts.
[ERROR] Component installation failed with protontricks
[ERROR] Wine component installation failed
Error: Failed to install necessary Wine components.
[ERROR] Core configuration steps failed for Viva New Vegas

Modlist configuration failed. Check logs for details.
[DEBUG] Configuration phase result: False
[DEBUG] Configuration failed, calling completion callback with failure
Configuration failed to start
Configuration failed with error: Configuration failed to start
